url,status,redirect_chain,noindex,meta_robots,title,title_length,meta_description,meta_desc_length,h1_count,h1_text,canonical,canonical_mismatch,images_total,images_missing_alt,images_junk_filename,schema_types,internal_links_count,broken_links_on_page,word_count,thin_content,video_count,autoplay_video_count,embed_count,heavy_media_on_page,heading_outline
https://themomentumfitness.com/blog/,200,,False,"follow, index, max-snippet:-1, max-video-preview:-1, max-image-preview:large",Blog - Momentum Fitness,23,,0,0,,https://themomentumfitness.com/blog/,False,11,10,1,"CollectionPage, ExerciseGym, GeoCoordinates, ImageObject, Place, PostalAddress, WebSite",44,https://themomentumfitness.com/cdn-cgi/l/email-protection,90,True,4,0,0,https://themomentumfitness.com/wp-content/uploads/2026/05/Bri_Testimonial-1-1.mp4 | https://themomentumfitness.com/wp-content/uploads/2026/05/IMG_4769-1.mp4 | https://themomentumfitness.com/wp-content/uploads/2026/05/Terry-Testimonial-1-1.mp4 | https://themomentumfitness.com/wp-content/uploads/2026/05/copy_DB265C1A-615D-40AE-997D-779047BCD50B-1.mp4,"  H2: OUR BLOG
    H3: Why Momentum Fitness Outshines Big-Box Gyms in Arlington TX
    H3: Your Ultimate Guide to Finding the Perfect Gym Near You
    H3: WE'RE HERE FOR YOU
  H2: View Real Testomonials From Lives We've Helped Changed
    H3: DON'T SIMPLY TAKE IT FROM US!
    H3: MORE FROM GOOGLE!
    H3: Premium Hydration, Always on Tap
  H2: FILL THE FORM BELOW AND WE WILL CONTACT YOU ASAP!"
https://themomentumfitness.com/why-momentum-fitness-outshines-big-box-gyms-in-arlington-tx/,200,,False,"follow, index, max-snippet:-1, max-video-preview:-1, max-image-preview:large",Why Momentum Fitness Outshines Big-Box Gyms in Arlington TX - Momentum Fitness,78,"When you search “gym near me” or “fitness near me,” dozens of options pop up: Planet Fitness near me, Gold’s Gym near me, EOS near me, and others. But not all",158,1,Why Momentum Fitness Outshines Big-Box Gyms in Arlington TX,https://themomentumfitness.com/why-momentum-fitness-outshines-big-box-gyms-in-arlington-tx/,False,9,8,0,"BlogPosting, ExerciseGym, GeoCoordinates, ImageObject, Organization, Person, Place, PostalAddress, WebPage, WebSite",43,https://themomentumfitness.com/cdn-cgi/l/email-protection,258,True,4,0,0,https://themomentumfitness.com/wp-content/uploads/2026/05/Bri_Testimonial-1-1.mp4 | https://themomentumfitness.com/wp-content/uploads/2026/05/IMG_4769-1.mp4 | https://themomentumfitness.com/wp-content/uploads/2026/05/Terry-Testimonial-1-1.mp4 | https://themomentumfitness.com/wp-content/uploads/2026/05/copy_DB265C1A-615D-40AE-997D-779047BCD50B-1.mp4,"H1: Why Momentum Fitness Outshines Big-Box Gyms in Arlington TX
    H3: WE'RE HERE FOR YOU
  H2: View Real Testomonials From Lives We've Helped Changed
    H3: DON'T SIMPLY TAKE IT FROM US!
    H3: MORE FROM GOOGLE!
    H3: Premium Hydration, Always on Tap
  H2: FILL THE FORM BELOW AND WE WILL CONTACT YOU ASAP!"
https://themomentumfitness.com/your-ultimate-guide-to-finding-the-perfect-gym-near-you/,200,,False,"follow, index, max-snippet:-1, max-video-preview:-1, max-image-preview:large",Your Ultimate Guide to Finding the Perfect Gym Near You - Momentum Fitness,74,"When it comes to achieving your fitness goals, location matters. Whether you're searching for a ""gym near me,"" ""gyms near me,"" or even ""24 hour fitness near",156,1,Your Ultimate Guide to Finding the Perfect Gym Near You,https://themomentumfitness.com/your-ultimate-guide-to-finding-the-perfect-gym-near-you/,False,9,8,0,"BlogPosting, ExerciseGym, GeoCoordinates, ImageObject, Organization, Person, Place, PostalAddress, WebPage, WebSite",43,https://themomentumfitness.com/cdn-cgi/l/email-protection,297,True,4,0,0,https://themomentumfitness.com/wp-content/uploads/2026/05/Bri_Testimonial-1-1.mp4 | https://themomentumfitness.com/wp-content/uploads/2026/05/IMG_4769-1.mp4 | https://themomentumfitness.com/wp-content/uploads/2026/05/Terry-Testimonial-1-1.mp4 | https://themomentumfitness.com/wp-content/uploads/2026/05/copy_DB265C1A-615D-40AE-997D-779047BCD50B-1.mp4,"H1: Your Ultimate Guide to Finding the Perfect Gym Near You
    H3: WE'RE HERE FOR YOU
  H2: View Real Testomonials From Lives We've Helped Changed
    H3: DON'T SIMPLY TAKE IT FROM US!
    H3: MORE FROM GOOGLE!
    H3: Premium Hydration, Always on Tap
  H2: FILL THE FORM BELOW AND WE WILL CONTACT YOU ASAP!"
https://themomentumfitness.com/,200,,False,"follow, index, max-snippet:-1, max-video-preview:-1, max-image-preview:large","More Than a Gym: Physical Therapy + Training | Momentum Fitness, TX",67,"Where medicine meets movement. DPT-led physical therapy, manual therapy & 1-on-1 training in Arlington & Mansfield. Book a consultation.",136,3,Personal and Physical Training To Feel Your Best || Specialized Training and Physical Therapy in Arlington || Services We Offer,https://themomentumfitness.com/,False,13,8,3,"Article, ExerciseGym, GeoCoordinates, ImageObject, Organization, Person, Place, PostalAddress, SearchAction, WebPage, WebSite",56,https://themomentumfitness.com/cdn-cgi/l/email-protection,727,False,7,3,0,https://themomentumfitness.com/wp-content/uploads/2025/01/file.mp4 | https://themomentumfitness.com/wp-content/uploads/2026/05/Bri_Testimonial-1-1.mp4 | https://themomentumfitness.com/wp-content/uploads/2026/05/IMG_4769-1.mp4 | https://themomentumfitness.com/wp-content/uploads/2026/05/Terry-Testimonial-1-1.mp4 | https://themomentumfitness.com/wp-content/uploads/2026/05/copy_DB265C1A-615D-40AE-997D-779047BCD50B-1.mp4 | https://themomentumfitness.com/wp-content/uploads/2026/05/members-1-1.mp4,"H1: Personal and Physical Training To Feel Your Best
H1: Specialized Training and Physical Therapy in Arlington
H1: Services We Offer
  H2: Adult Personal Training
  H2: 1 on 1 Specialized Training & Physical Therapy
  H2: Athletic Performance Training
  H2: Conditions We Treat
    H3: 1-ON-1 PERSONAL TRAINING
    H3: Physics 101 (Small Group Personal Training)
    H3: PHYSICAL THERAPY AND RECOVERY
    H3: Nutrition Consulting and Strategizing
    H3: OUR FACILITIES
    H3: WE'RE HERE FOR YOU
  H2: View Real Testomonials From Lives We've Helped Changed
    H3: DON'T SIMPLY TAKE IT FROM US!
    H3: MORE FROM GOOGLE!
    H3: Premium Hydration, Always on Tap
  H2: FILL THE FORM BELOW AND WE WILL CONTACT YOU ASAP!"
https://themomentumfitness.com/pricing/,200,,False,"follow, index, max-snippet:-1, max-video-preview:-1, max-image-preview:large",Pricing - Momentum Fitness,26,"Recognized as Living Magazine’s Best Gym of 2024 and 2025, we take pride in offering a high-end fitness experience tailored to those who seek results, innovation, and a personalized touch.",188,0,,https://themomentumfitness.com/pricing/,False,9,8,0,"Article, ExerciseGym, GeoCoordinates, ImageObject, Organization, Person, Place, PostalAddress, WebPage, WebSite",42,https://themomentumfitness.com/cdn-cgi/l/email-protection,405,False,7,3,0,https://themomentumfitness.com/wp-content/uploads/2025/01/members-1.mp4 | https://themomentumfitness.com/wp-content/uploads/2025/02/Snapinst.app_video_AQPAYgNn8miT3BqQbtAj6QFLZ8n72WhIl7E9a1RElurInrP1O0i0yuTlF4i0_Byg8364jQQ-03wXmY_TizEUXzRcTxMIN0VOkmzoq5k.mp4 | https://themomentumfitness.com/wp-content/uploads/2026/05/Bri_Testimonial-1-1.mp4 | https://themomentumfitness.com/wp-content/uploads/2026/05/IMG_4769-1.mp4 | https://themomentumfitness.com/wp-content/uploads/2026/05/Terry-Testimonial-1-1.mp4 | https://themomentumfitness.com/wp-content/uploads/2026/05/copy_DB265C1A-615D-40AE-997D-779047BCD50B-1.mp4,"  H2: The Cost of Action vs. The Cost of Inaction
  H2: Summary:
  H2: Book Your Personalized Discovery Meeting Today!
    H3: WE'RE HERE FOR YOU
  H2: View Real Testomonials From Lives We've Helped Changed
    H3: DON'T SIMPLY TAKE IT FROM US!
    H3: MORE FROM GOOGLE!
    H3: Premium Hydration, Always on Tap
  H2: FILL THE FORM BELOW AND WE WILL CONTACT YOU ASAP!"
https://themomentumfitness.com/recovery-and-movement-therapy-in-arlington-and-mansfield/manual-therapy/,200,,False,"follow, index, max-snippet:-1, max-video-preview:-1, max-image-preview:large","Manual Therapy in Arlington & Mansfield, TX | Fascial Distortion Model",70,"Relieve pain. Restore motion. Reclaim control. Certified FDM manual therapy in Arlington & Mansfield, TX. Learn more.",117,1,Manual Therapy in Arlington and Mansfield,https://themomentumfitness.com/recovery-and-movement-therapy-in-arlington-and-mansfield/manual-therapy/,False,10,8,1,"Article, ExerciseGym, GeoCoordinates, ImageObject, Organization, Person, Place, PostalAddress, WebPage, WebSite",42,https://themomentumfitness.com/cdn-cgi/l/email-protection,605,False,9,1,0,https://themomentumfitness.com/wp-content/uploads/2026/05/Bri_Testimonial-1-1.mp4 | https://themomentumfitness.com/wp-content/uploads/2026/05/IMG_4769-1.mp4 | https://themomentumfitness.com/wp-content/uploads/2026/05/Terry-Testimonial-1-1.mp4 | https://themomentumfitness.com/wp-content/uploads/2026/05/copy_DB265C1A-615D-40AE-997D-779047BCD50B-1.mp4,"H1: Manual Therapy in Arlington and Mansfield
  H2: Relieve Pain. Restore Motion. Reclaim Control.
  H2: MANUAL SERVICES: EXPLAINED
  H2: WHY CHOOSE Fascial Distortion Model
  H2: View Real Testomonials From Lives We've Helped Changed
    H3: A Smarter Approach to Treating Pain
    H3: WE'RE HERE FOR YOU
  H2: View Real Testomonials From Lives We've Helped Changed
    H3: DON'T SIMPLY TAKE IT FROM US!
    H3: MORE FROM GOOGLE!
    H3: Premium Hydration, Always on Tap
  H2: FILL THE FORM BELOW AND WE WILL CONTACT YOU ASAP!"
https://themomentumfitness.com/recovery-and-movement-therapy-in-arlington-and-mansfield/,200,,False,"follow, index, max-snippet:-1, max-video-preview:-1, max-image-preview:large","Physical Therapy, Manual Therapy & Recovery | Momentum Fitness TX",65,"Physical therapy, manual therapy, dry needling, myofascial release & more. Clinical recovery services in Arlington & Mansfield, TX.",131,1,"Recovery & Movement Therapy in Arlington & Mansfield, TX",https://themomentumfitness.com/recovery-and-movement-therapy-in-arlington-and-mansfield/,False,11,8,1,"Article, ExerciseGym, GeoCoordinates, ImageObject, Organization, Person, Place, PostalAddress, WebPage, WebSite",52,https://themomentumfitness.com/cdn-cgi/l/email-protection,875,False,9,1,0,https://themomentumfitness.com/wp-content/uploads/2026/05/Bri_Testimonial-1-1.mp4 | https://themomentumfitness.com/wp-content/uploads/2026/05/IMG_4769-1.mp4 | https://themomentumfitness.com/wp-content/uploads/2026/05/PT-David-Bri-2--768x1024.png | https://themomentumfitness.com/wp-content/uploads/2026/05/Terry-Testimonial-1-1.mp4 | https://themomentumfitness.com/wp-content/uploads/2026/05/copy_DB265C1A-615D-40AE-997D-779047BCD50B-1.mp4,"H1: Recovery & Movement Therapy in Arlington & Mansfield, TX
  H2: Physical Therapy Built for you
  H2: Physical Therapy
  H2: Manual Therapy
  H2: Dry Needling
  H2: Cupping Therapy
  H2: Myofascial Release
  H2: Mobility Training
  H2: Strength Based Rehab
  H2: Rehab To Performance
  H2: View Real Testomonials From Lives We've Helped Changed
    H3: Who Our Recovery Services Are For
    H3: How Our Services Integrate
    H3: FAQ
    H3: OUR FACILITIES
    H3: WE'RE HERE FOR YOU
  H2: View Real Testomonials From Lives We've Helped Changed
    H3: DON'T SIMPLY TAKE IT FROM US!
    H3: MORE FROM GOOGLE!
    H3: Premium Hydration, Always on Tap
  H2: FILL THE FORM BELOW AND WE WILL CONTACT YOU ASAP!"
https://themomentumfitness.com/privacy-policy/,200,,False,"follow, index, max-snippet:-1, max-video-preview:-1, max-image-preview:large",Privacy Policy - Momentum Fitness,33,Effective Date: 04/01/2025,26,1,Privacy Policy,https://themomentumfitness.com/privacy-policy/,False,9,8,0,"Article, ExerciseGym, GeoCoordinates, ImageObject, Organization, Person, Place, PostalAddress, WebPage, WebSite",43,https://themomentumfitness.com/cdn-cgi/l/email-protection,1271,False,4,0,0,https://themomentumfitness.com/wp-content/uploads/2026/05/Bri_Testimonial-1-1.mp4 | https://themomentumfitness.com/wp-content/uploads/2026/05/IMG_4769-1.mp4 | https://themomentumfitness.com/wp-content/uploads/2026/05/Terry-Testimonial-1-1.mp4 | https://themomentumfitness.com/wp-content/uploads/2026/05/copy_DB265C1A-615D-40AE-997D-779047BCD50B-1.mp4,"H1: Privacy Policy
  H2: Privacy Policy
  H2: 1. Information We Collect
  H2: 2. How We Use Your Information
  H2: 3. How We Share Your Information
  H2: 4. Marketing Communications
  H2: 5. Cookies and Tracking Technologies
  H2: 6. Third-Party Services and Links
  H2: 7. Data Security
  H2: 8. Your Privacy Rights
  H2: 9. Health Information and HIPAA Notice
  H2: 10. Children’s Privacy
  H2: 11. Changes to This Privacy Policy
  H2: 12. Contact Us
    H3: WE'RE HERE FOR YOU
  H2: View Real Testomonials From Lives We've Helped Changed
    H3: DON'T SIMPLY TAKE IT FROM US!
    H3: MORE FROM GOOGLE!
    H3: Premium Hydration, Always on Tap
  H2: FILL THE FORM BELOW AND WE WILL CONTACT YOU ASAP!"
https://themomentumfitness.com/terms-and-conditions/,200,,False,"follow, index, max-snippet:-1, max-video-preview:-1, max-image-preview:large",Terms and Conditions - Momentum Fitness,39,"Last updated: June 01, 2026",27,2,Terms and Conditions || Terms and Conditions,https://themomentumfitness.com/terms-and-conditions/,False,9,8,0,"Article, ExerciseGym, GeoCoordinates, ImageObject, Organization, Person, Place, PostalAddress, WebPage, WebSite",43,https://themomentumfitness.com/cdn-cgi/l/email-protection,1739,False,4,0,0,https://themomentumfitness.com/wp-content/uploads/2026/05/Bri_Testimonial-1-1.mp4 | https://themomentumfitness.com/wp-content/uploads/2026/05/IMG_4769-1.mp4 | https://themomentumfitness.com/wp-content/uploads/2026/05/Terry-Testimonial-1-1.mp4 | https://themomentumfitness.com/wp-content/uploads/2026/05/copy_DB265C1A-615D-40AE-997D-779047BCD50B-1.mp4,"H1: Terms and Conditions
H1: Terms and Conditions
  H2: Interpretation and Definitions
    H3: Interpretation
    H3: Definitions
  H2: Acknowledgment
  H2: Links to Other Websites
    H3: Links from a Third-Party Social Media Service
  H2: Termination
  H2: Limitation of Liability
  H2: “AS IS” and “AS AVAILABLE” Disclaimer
  H2: Governing Law
  H2: Disputes Resolution
  H2: For European Union (EU) Users
  H2: United States Legal Compliance
  H2: Severability and Waiver
    H3: Severability
    H3: Waiver
  H2: Translation Interpretation
  H2: Changes to These Terms and Conditions
  H2: Contact Us
    H3: WE'RE HERE FOR YOU
  H2: View Real Testomonials From Lives We've Helped Changed
    H3: DON'T SIMPLY TAKE IT FROM US!
    H3: MORE FROM GOOGLE!
    H3: Premium Hydration, Always on Tap
  H2: FILL THE FORM BELOW AND WE WILL CONTACT YOU ASAP!"
https://themomentumfitness.com/contact/,200,,False,"follow, index, max-snippet:-1, max-video-preview:-1, max-image-preview:large",Get Started at Momentum Fitness | Contact Us Today,50,"Contact us at 817-319-0093 or send a message. Movement assessments, physician referrals & consultations in Arlington & Mansfield, TX.",133,0,,https://themomentumfitness.com/contact/,False,10,8,0,"ContactPage, ExerciseGym, GeoCoordinates, ImageObject, Organization, Place, PostalAddress, WebSite",52,https://themomentumfitness.com/cdn-cgi/l/email-protection,95,True,4,0,0,https://themomentumfitness.com/wp-content/uploads/2026/05/Bri_Testimonial-1-1.mp4 | https://themomentumfitness.com/wp-content/uploads/2026/05/IMG_4769-1.mp4 | https://themomentumfitness.com/wp-content/uploads/2026/05/Terry-Testimonial-1-1.mp4 | https://themomentumfitness.com/wp-content/uploads/2026/05/copy_DB265C1A-615D-40AE-997D-779047BCD50B-1.mp4,"  H2: CONTACT US!
  H2: GET IN TOUCH!
    H3: Visit Us!
    H3: Call Us!
    H3: Email Us!
    H3: OUR FACILITIES
    H3: WE'RE HERE FOR YOU
  H2: View Real Testomonials From Lives We've Helped Changed
    H3: DON'T SIMPLY TAKE IT FROM US!
    H3: MORE FROM GOOGLE!
    H3: Premium Hydration, Always on Tap
  H2: FILL THE FORM BELOW AND WE WILL CONTACT YOU ASAP!"
https://themomentumfitness.com/conditions-we-help-treat/degenerative-aging-conditions/,200,,False,"follow, index, max-snippet:-1, max-video-preview:-1, max-image-preview:large",Degenerative & Aging Conditions - Momentum Fitness,50,"Lose bone density & muscle with age? Osteoporosis, sarcopenia & healthy aging support. Strength training built for 50+ bodies in Arlington & Mansfield, TX.",155,1,"Degenerative & Aging Condition Support in Arlington & Mansfield, TX",https://themomentumfitness.com/conditions-we-help-treat/degenerative-aging-conditions/,False,11,8,1,"Article, ExerciseGym, GeoCoordinates, ImageObject, Organization, Person, Place, PostalAddress, WebPage, WebSite",42,https://themomentumfitness.com/cdn-cgi/l/email-protection,1268,False,8,0,0,https://themomentumfitness.com/wp-content/uploads/2025/09/3-1024x1024.png | https://themomentumfitness.com/wp-content/uploads/2026/05/Bri_Testimonial-1-1.mp4 | https://themomentumfitness.com/wp-content/uploads/2026/05/IMG_4769-1.mp4 | https://themomentumfitness.com/wp-content/uploads/2026/05/Terry-Testimonial-1-1.mp4 | https://themomentumfitness.com/wp-content/uploads/2026/05/copy_DB265C1A-615D-40AE-997D-779047BCD50B-1.mp4,"H1: Degenerative & Aging Condition Support in Arlington & Mansfield, TX
  H2: Strength, Bone Density and Longevity Care for the 50+ Body
  H2: View Real Testomonials From Lives We've Helped Changed
  H2: Conditions We Support
  H2: Osteoporosis and Bone Density Loss
  H2: Sarcopenia (Muscle Wasting)
  H2: Frailty and Aging Decline
  H2: Longevity and Healthspan Decline
  H2: Why This Category Needs Credentialed Coaching
  H2: What Aging-Specific Programming Looks Like
  H2: The 50+ Positioning
  H2: Services Most Relevant to Aging and Degenerative Care
  H2: For Referring Physicians
    H3: FAQ
    H3: WE'RE HERE FOR YOU
  H2: View Real Testomonials From Lives We've Helped Changed
    H3: DON'T SIMPLY TAKE IT FROM US!
    H3: MORE FROM GOOGLE!
    H3: Premium Hydration, Always on Tap
  H2: FILL THE FORM BELOW AND WE WILL CONTACT YOU ASAP!"
https://themomentumfitness.com/conditions-we-help-treat/metabolic-conditions/,200,,False,"follow, index, max-snippet:-1, max-video-preview:-1, max-image-preview:large","Metabolic Conditions Support: Type 2 Diabetes, Prediabetes | Arlington",70,"Type 2 diabetes, prediabetes & metabolic syndrome support through training & nutrition. Arlington & Mansfield, TX. Call 817-319-0093.",133,1,"Metabolic Condition Support in Arlington & Mansfield, TX",https://themomentumfitness.com/conditions-we-help-treat/metabolic-conditions/,False,11,8,1,"Article, ExerciseGym, GeoCoordinates, ImageObject, Organization, Person, Place, PostalAddress, WebPage, WebSite",42,https://themomentumfitness.com/cdn-cgi/l/email-protection,1318,False,8,0,0,https://themomentumfitness.com/wp-content/uploads/2025/09/3-1024x1024.png | https://themomentumfitness.com/wp-content/uploads/2026/05/Bri_Testimonial-1-1.mp4 | https://themomentumfitness.com/wp-content/uploads/2026/05/IMG_4769-1.mp4 | https://themomentumfitness.com/wp-content/uploads/2026/05/Terry-Testimonial-1-1.mp4 | https://themomentumfitness.com/wp-content/uploads/2026/05/copy_DB265C1A-615D-40AE-997D-779047BCD50B-1.mp4,"H1: Metabolic Condition Support in Arlington & Mansfield, TX
  H2: Type 2 Diabetes, Prediabetes and Metabolic Syndrome — Movement as Medicine
  H2: View Real Testomonials From Lives We've Helped Changed
  H2: Conditions We Support
  H2: Type 2 Diabetes
  H2: Prediabetes and Insulin Resistance
  H2: Metabolic Syndrome
  H2: Obesity and Body Composition Issues
  H2: High Cholesterol Support
  H2: High Blood Pressure (Hypertension Support)
  H2: Why Exercise and Nutrition Actually Work for Metabolic Health
  H2: How We Approach Metabolic Care
  H2: Services Most Relevant to Metabolic Care
  H2: Clinical Coordination and Physician Partnership
  H2: For Referring Physicians
    H3: FAQ
    H3: WE'RE HERE FOR YOU
  H2: View Real Testomonials From Lives We've Helped Changed
    H3: DON'T SIMPLY TAKE IT FROM US!
    H3: MORE FROM GOOGLE!
    H3: Premium Hydration, Always on Tap
  H2: FILL THE FORM BELOW AND WE WILL CONTACT YOU ASAP!"
https://themomentumfitness.com/conditions-we-help-treat/chronic-pain-musculoskeletal-conditions/,200,,False,"follow, index, max-snippet:-1, max-video-preview:-1, max-image-preview:large",Chronic Pain & Musculoskeletal Care | Arlington & Mansfield TX,62,"Chronic pain care in back, knee, shoulder & hip. Manual therapy, dry needling & movement rebuilding. Arlington & Mansfield, TX.",127,1,Chronic Pain & Musculoskeletal Conditions,https://themomentumfitness.com/conditions-we-help-treat/chronic-pain-musculoskeletal-conditions/,False,11,8,1,"Article, ExerciseGym, GeoCoordinates, ImageObject, Organization, Person, Place, PostalAddress, WebPage, WebSite",42,https://themomentumfitness.com/cdn-cgi/l/email-protection,1341,False,8,0,0,https://themomentumfitness.com/wp-content/uploads/2026/05/Bri_Testimonial-1-1.mp4 | https://themomentumfitness.com/wp-content/uploads/2026/05/IMG_4769-1.mp4 | https://themomentumfitness.com/wp-content/uploads/2026/05/PT-Hasbi-Darla-1--1024x768.png | https://themomentumfitness.com/wp-content/uploads/2026/05/Terry-Testimonial-1-1.mp4 | https://themomentumfitness.com/wp-content/uploads/2026/05/copy_DB265C1A-615D-40AE-997D-779047BCD50B-1.mp4,"H1: Chronic Pain & Musculoskeletal Conditions
  H2: Integrated Care for Back, Knee, Shoulder, Hip and Whole-Body Pain Patterns
  H2: View Real Testomonials From Lives We've Helped Changed
  H2: Conditions We Support
  H2: Chronic Low Back Pain
  H2: Sciatica
  H2: Herniated and Bulging Discs
  H2: Degenerative Disc Disease
  H2: Knee Pain (Meniscus Issues, Ligament Instability)
  H2: Shoulder Pain (Rotator Cuff, Impingement)
  H2: Hip Pain and Dysfunction
  H2: Arthritis (Osteoarthritis and Rheumatoid Support)
  H2: Postural Dysfunction
  H2: Mobility Restrictions
  H2: Why Integrated Care Works Where Single-Modality Care Doesn't
  H2: How We Approach Chronic Pain Care
  H2: Services Most Relevant to Chronic Pain
  H2: For Referring Physicians
    H3: FAQ
    H3: WE'RE HERE FOR YOU
  H2: View Real Testomonials From Lives We've Helped Changed
    H3: DON'T SIMPLY TAKE IT FROM US!
    H3: MORE FROM GOOGLE!
    H3: Premium Hydration, Always on Tap
  H2: FILL THE FORM BELOW AND WE WILL CONTACT YOU ASAP!"
https://themomentumfitness.com/conditions-we-help-treat/neurological-conditions-care/,200,,False,"follow, index, max-snippet:-1, max-video-preview:-1, max-image-preview:large",Movement Therapy for Neurological Conditions | Arlington TX,59,"Stroke survivors walking again, Post-stroke recovery, Parkinson's, neuropathy, MS & more. Neurological support from credentialed staff in Arlington & Mansfield, TX.",164,1,Neurological Conditions & Care,https://themomentumfitness.com/conditions-we-help-treat/neurological-conditions-care/,False,11,8,1,"Article, ExerciseGym, GeoCoordinates, ImageObject, Organization, Person, Place, PostalAddress, WebPage, WebSite",42,https://themomentumfitness.com/cdn-cgi/l/email-protection,1210,False,8,0,0,https://themomentumfitness.com/wp-content/uploads/2026/05/Bri_Testimonial-1-1.mp4 | https://themomentumfitness.com/wp-content/uploads/2026/05/IMG_4769-1.mp4 | https://themomentumfitness.com/wp-content/uploads/2026/05/Terry-Testimonial-1-1.mp4 | https://themomentumfitness.com/wp-content/uploads/2026/05/copy_DB265C1A-615D-40AE-997D-779047BCD50B-1.mp4,"H1: Neurological Conditions & Care
  H2: Movement-Based Support for Stroke, Parkinson's, Neuropathy and More
  H2: View Real Testomonials From Lives We've Helped Changed
  H2: Conditions We Support
  H2: Post-Stroke Recovery
  H2: Peripheral and Diabetic Neuropathy
  H2: Parkinson's Disease Support
  H2: Multiple Sclerosis (MS) Support
  H2: Guillain-Barré Syndrome Recovery
  H2: Neuromuscular Disorders and Dyskinesia
  H2: Nerve Damage Rehabilitation
  H2: Balance Disorders and Fall Risk
  H2: How We Approach Neurological Care
  H2: Services Most Relevant to Neurological Care
  H2: For Referring Physicians
    H3: FAQ
    H3: WE'RE HERE FOR YOU
  H2: View Real Testomonials From Lives We've Helped Changed
    H3: DON'T SIMPLY TAKE IT FROM US!
    H3: MORE FROM GOOGLE!
    H3: Premium Hydration, Always on Tap
  H2: FILL THE FORM BELOW AND WE WILL CONTACT YOU ASAP!"
https://themomentumfitness.com/conditions-we-help-treat/post-rehab-performance-gap-in-arlington-mansfield-tx/,200,,False,"follow, index, max-snippet:-1, max-video-preview:-1, max-image-preview:large","Post-Rehab & Performance Gap in Arlington & Mansfield, TX - Momentum Fitness",76,"Post -Rehab with Post-surgical, post-PT & return-to-activity care in Arlington & Mansfield, TX. We start where insurance care ends. Book a consultation.",152,1,Post-Rehab & Performance Gap Care,https://themomentumfitness.com/conditions-we-help-treat/post-rehab-performance-gap-in-arlington-mansfield-tx/,False,11,8,1,"Article, ExerciseGym, GeoCoordinates, ImageObject, Organization, Person, Place, PostalAddress, WebPage, WebSite",42,https://themomentumfitness.com/cdn-cgi/l/email-protection,1167,False,8,0,0,https://themomentumfitness.com/wp-content/uploads/2026/05/Bri_Testimonial-1-1.mp4 | https://themomentumfitness.com/wp-content/uploads/2026/05/IMG_4769-1.mp4 | https://themomentumfitness.com/wp-content/uploads/2026/05/Terry-Testimonial-1-1.mp4 | https://themomentumfitness.com/wp-content/uploads/2026/05/copy_DB265C1A-615D-40AE-997D-779047BCD50B-1.mp4,"H1: Post-Rehab & Performance Gap Care
  H2: What ""Post-Rehab Gap"" Really Means
  H2: View Real Testomonials From Lives We've Helped Changed
  H2: Discharged From PT But Not 100%
  H2: Injury Recovery Continuation
  H2: Post-Surgical Strength Rebuilding
  H2: Movement Dysfunction Correction
  H2: Return-to-Activity and Return-to-Sport
  H2: Why This Gap Exists (And Why Nobody Closes It Well)
  H2: How We Approach Post-Rehab Care
  H2: Services Most Relevant to Post-Rehab Care
  H2: For Referring Physicians
    H3: FAQ
    H3: WE'RE HERE FOR YOU
  H2: View Real Testomonials From Lives We've Helped Changed
    H3: DON'T SIMPLY TAKE IT FROM US!
    H3: MORE FROM GOOGLE!
    H3: Premium Hydration, Always on Tap
  H2: FILL THE FORM BELOW AND WE WILL CONTACT YOU ASAP!"
https://themomentumfitness.com/athlete-performance-training-in-arlington-and-mansfield/sports-performance-training-in-arlington-and-mansfield/,200,,False,"follow, index, max-snippet:-1, max-video-preview:-1, max-image-preview:large",Sports Performance Training in Arlington and Mansfield - Momentum Fitness,73,"Sports performance training for youth, high school & adult athletes. Speed, strength & athletic development in Arlington & Mansfield, TX.",137,1,"Sports Performance Training in Arlington & Mansfield, TX",https://themomentumfitness.com/athlete-performance-training-in-arlington-and-mansfield/sports-performance-training-in-arlington-and-mansfield/,False,11,8,1,"Article, ExerciseGym, GeoCoordinates, ImageObject, Organization, Person, Place, PostalAddress, WebPage, WebSite",42,https://themomentumfitness.com/cdn-cgi/l/email-protection,939,False,4,0,0,https://themomentumfitness.com/wp-content/uploads/2026/05/Bri_Testimonial-1-1.mp4 | https://themomentumfitness.com/wp-content/uploads/2026/05/Chest-Press-768x1024.webp | https://themomentumfitness.com/wp-content/uploads/2026/05/IMG_4769-1.mp4 | https://themomentumfitness.com/wp-content/uploads/2026/05/Terry-Testimonial-1-1.mp4 | https://themomentumfitness.com/wp-content/uploads/2026/05/copy_DB265C1A-615D-40AE-997D-779047BCD50B-1.mp4,"H1: Sports Performance Training in Arlington & Mansfield, TX
  H2: Athletic Development for Real Results — Youth, High School and Adult Athletes
  H2: Who This Is For
  H2: Youth Athletes (Ages 12-14)
  H2: High School Athletes
  H2: Combine and Showcase Prep
  H2: Adult Amateur and Masters Athletes
  H2: Programming Structure
  H2: What We Develop
  H2: Sports Performance for Youth Athletes
  H2: Sports Performance for Adult Athletes
  H2: Combine and Showcase Preparation
    H3: FAQ
    H3: WE'RE HERE FOR YOU
  H2: View Real Testomonials From Lives We've Helped Changed
    H3: DON'T SIMPLY TAKE IT FROM US!
    H3: MORE FROM GOOGLE!
    H3: Premium Hydration, Always on Tap
  H2: FILL THE FORM BELOW AND WE WILL CONTACT YOU ASAP!"
https://themomentumfitness.com/athlete-performance-training-in-arlington-and-mansfield/sports-specific-1-on-1-athlete-training-in-arlington-and-mansfield/,200,,False,"follow, index, max-snippet:-1, max-video-preview:-1, max-image-preview:large",Sports-Specific / 1-on-1 Athlete Training in Arlington and Mansfield - Momentum Fitness,87,"Fully individualized 1-on-1 athlete training. Sport-specific, position-specific, goal-specific. Arlington & Mansfield, TX.",122,1,"Sports-Specific & 1-on-1 Athlete Training in Arlington & Mansfield, TX",https://themomentumfitness.com/athlete-performance-training-in-arlington-and-mansfield/sports-specific-1-on-1-athlete-training-in-arlington-and-mansfield/,False,11,8,2,"Article, ExerciseGym, GeoCoordinates, ImageObject, Organization, Person, Place, PostalAddress, WebPage, WebSite",42,https://themomentumfitness.com/cdn-cgi/l/email-protection,949,False,4,0,0,https://themomentumfitness.com/wp-content/uploads/2026/05/Bri_Testimonial-1-1.mp4 | https://themomentumfitness.com/wp-content/uploads/2026/05/IMG_4769-1.mp4 | https://themomentumfitness.com/wp-content/uploads/2026/05/Terry-Testimonial-1-1.mp4 | https://themomentumfitness.com/wp-content/uploads/2026/05/copy_DB265C1A-615D-40AE-997D-779047BCD50B-1.mp4,"H1: Sports-Specific & 1-on-1 Athlete Training in Arlington & Mansfield, TX
  H2: Fully Individualized Programming for Serious Athletes
  H2: When 1-on-1 Athletic Training Is the Right Choice
  H2: The Athlete Has Specific, Measurable Goals
  H2: The Athlete Has Complex Programming Needs
  H2: The Athlete's Schedule Demands Flexibility
  H2: The Athlete Is at a Level Where Marginal Gains Matter
  H2: What Sports-Specific 1-on-1 Training Looks Like
  H2: Sport-Specific Programming We Deliver
  H2: 1-on-1 Athletic Training for Youth Athletes
  H2: Clinical Integration for Complex Cases
    H3: FAQ
    H3: WE'RE HERE FOR YOU
  H2: View Real Testomonials From Lives We've Helped Changed
    H3: DON'T SIMPLY TAKE IT FROM US!
    H3: MORE FROM GOOGLE!
    H3: Premium Hydration, Always on Tap
  H2: FILL THE FORM BELOW AND WE WILL CONTACT YOU ASAP!"
https://themomentumfitness.com/athlete-performance-training-in-arlington-and-mansfield/off-season-athletic-training-in-arlington-and-mansfield/,200,,False,"follow, index, max-snippet:-1, max-video-preview:-1, max-image-preview:large","Off-Season Athletic Training in Arlington & Mansfield, TX | Momentum Fitness",76,"Build strength, power & speed in the off-season. Youth, high school & adult athletes. Arlington & Mansfield, TX.",112,1,"Off-Season Athletic Training in Arlington & Mansfield, TX",https://themomentumfitness.com/athlete-performance-training-in-arlington-and-mansfield/off-season-athletic-training-in-arlington-and-mansfield/,False,11,8,2,"Article, ExerciseGym, GeoCoordinates, ImageObject, Organization, Person, Place, PostalAddress, WebPage, WebSite",42,https://themomentumfitness.com/cdn-cgi/l/email-protection,850,False,4,0,0,https://themomentumfitness.com/wp-content/uploads/2026/05/Bri_Testimonial-1-1.mp4 | https://themomentumfitness.com/wp-content/uploads/2026/05/IMG_4769-1.mp4 | https://themomentumfitness.com/wp-content/uploads/2026/05/Terry-Testimonial-1-1.mp4 | https://themomentumfitness.com/wp-content/uploads/2026/05/copy_DB265C1A-615D-40AE-997D-779047BCD50B-1.mp4,"H1: Off-Season Athletic Training in Arlington & Mansfield, TX
  H2: Where True Athletic Performance Is Developed
  H2: What Off-Season Training Should Actually Accomplish
  H2: Maximum Strength
  H2: Power and Explosive Capacity
  H2: Speed and Acceleration
  H2: Sport-Specific Conditioning
  H2: Mobility and Injury Resilience
  H2: Off-Season Programming Structure
  H2: Who Off-Season Training Serves Best
    H3: FAQ
    H3: WE'RE HERE FOR YOU
  H2: View Real Testomonials From Lives We've Helped Changed
    H3: DON'T SIMPLY TAKE IT FROM US!
    H3: MORE FROM GOOGLE!
    H3: Premium Hydration, Always on Tap
  H2: FILL THE FORM BELOW AND WE WILL CONTACT YOU ASAP!"
https://themomentumfitness.com/athlete-performance-training-in-arlington-and-mansfield/in-season-athletic-training-in-arlington-and-mansfield/,200,,False,"follow, index, max-snippet:-1, max-video-preview:-1, max-image-preview:large",In-Season Strength & Performance Training — Arlington TX,56,"Built for athletes in competition. In-season strength, recovery & readiness programming in Arlington & Mansfield, TX.",117,1,"In-Season Athletic Training in Arlington & Mansfield, TX",https://themomentumfitness.com/athlete-performance-training-in-arlington-and-mansfield/in-season-athletic-training-in-arlington-and-mansfield/,False,11,8,2,"Article, ExerciseGym, GeoCoordinates, ImageObject, Organization, Person, Place, PostalAddress, WebPage, WebSite",42,https://themomentumfitness.com/cdn-cgi/l/email-protection,835,False,4,0,0,https://themomentumfitness.com/wp-content/uploads/2026/05/Bri_Testimonial-1-1.mp4 | https://themomentumfitness.com/wp-content/uploads/2026/05/IMG_4769-1.mp4 | https://themomentumfitness.com/wp-content/uploads/2026/05/Terry-Testimonial-1-1.mp4 | https://themomentumfitness.com/wp-content/uploads/2026/05/copy_DB265C1A-615D-40AE-997D-779047BCD50B-1.mp4,"H1: In-Season Athletic Training in Arlington & Mansfield, TX
  H2: Maintain Performance. Manage Fatigue. Reduce Injury Risk.
  H2: The In-Season Challenge
  H2: Maintain, Don't Chase Gains
  H2: Prioritize Readiness Over Fatigue
  H2: Reduce Injury Risk Through Targeted Work
  H2: Sports We Support In-Season
  H2: How In-Season Sessions Work
  H2: Coordinated With Your Sport Calendar
    H3: FAQ
    H3: WE'RE HERE FOR YOU
  H2: View Real Testomonials From Lives We've Helped Changed
    H3: DON'T SIMPLY TAKE IT FROM US!
    H3: MORE FROM GOOGLE!
    H3: Premium Hydration, Always on Tap
  H2: FILL THE FORM BELOW AND WE WILL CONTACT YOU ASAP!"
https://themomentumfitness.com/athlete-performance-training-in-arlington-and-mansfield/,200,,False,"follow, index, max-snippet:-1, max-video-preview:-1, max-image-preview:large","Athlete Performance Training in Arlington & Mansfield, TX | Momentum",68,"Athlete performance training for youth, high school & adult athletes. Credentialed kinesiologists in Arlington & Mansfield, TX. Book an assessment.",147,1,"Athlete Performance Training in Arlington & Mansfield, TX",https://themomentumfitness.com/athlete-performance-training-in-arlington-and-mansfield/,False,11,8,1,"Article, ExerciseGym, GeoCoordinates, ImageObject, Organization, Person, Place, PostalAddress, WebPage, WebSite",52,https://themomentumfitness.com/cdn-cgi/l/email-protection,842,False,5,1,0,https://themomentumfitness.com/wp-content/uploads/2026/05/Bri_Testimonial-1-1.mp4 | https://themomentumfitness.com/wp-content/uploads/2026/05/IMG_4769-1.mp4 | https://themomentumfitness.com/wp-content/uploads/2026/05/Terry-Testimonial-1-1.mp4 | https://themomentumfitness.com/wp-content/uploads/2026/05/copy_DB265C1A-615D-40AE-997D-779047BCD50B-1.mp4,"H1: Athlete Performance Training in Arlington & Mansfield, TX
  H2: Personal Training For High School, Collegiate and Adult Athletes
  H2: In-Season Athletic Training
  H2: Off-Season Athletic Training
  H2: Sports-Specific / 1-on-1 Athlete Training
  H2: Sports Performance Training (General)
    H3: Track Record With Serious Athletes
    H3: Who We Work With​
  H2: Individualized Training Catered To You
  H2: Injury Protection Built In
  H2: Real Credentials
    H3: FAQ
    H3: OUR FACILITIES
    H3: WE'RE HERE FOR YOU
  H2: View Real Testomonials From Lives We've Helped Changed
    H3: DON'T SIMPLY TAKE IT FROM US!
    H3: MORE FROM GOOGLE!
    H3: Premium Hydration, Always on Tap
  H2: FILL THE FORM BELOW AND WE WILL CONTACT YOU ASAP!"
https://themomentumfitness.com/physician-referrals-for-physical-therapy-in-arlington-and-mansfield/,200,,False,"follow, index, max-snippet:-1, max-video-preview:-1, max-image-preview:large",Physician Referrals - Momentum Fitness,38,"For DFW physicians: Momentum offers integrated post-rehab care, DPT-led PT & condition-specific movement therapy. Refer with confidence.",136,1,For Those Referred by Your Doctor to Momentum Fitness,https://themomentumfitness.com/physician-referrals-for-physical-therapy-in-arlington-and-mansfield/,False,11,8,2,"Article, ExerciseGym, GeoCoordinates, ImageObject, Organization, Person, Place, PostalAddress, WebPage, WebSite",42,https://themomentumfitness.com/cdn-cgi/l/email-protection,1320,False,8,0,0,https://themomentumfitness.com/wp-content/uploads/2026/05/Bri_Testimonial-1-1.mp4 | https://themomentumfitness.com/wp-content/uploads/2026/05/IMG_4769-1.mp4 | https://themomentumfitness.com/wp-content/uploads/2026/05/Terry-Testimonial-1-1.mp4 | https://themomentumfitness.com/wp-content/uploads/2026/05/copy_DB265C1A-615D-40AE-997D-779047BCD50B-1.mp4,"H1: For Those Referred by Your Doctor to Momentum Fitness
  H2: Here's What Happens Next
  H2: View Real Testomonials From Lives We've Helped Changed
  H2: Why Your Doctor Referred You Here
  H2: You Were Discharged From Physical Therapy But Aren't Fully Recovered
  H2: You Have a Diagnosis That Responds to Structured Movement
  H2: You're Recovering From Surgery
  H2: You Have Chronic Pain That Hasn't Responded to Conservative Care
  H2: Your First Steps
  H2: Clinical Team and Credentials
  H2: What Will This Cost?
  H2: HSA/FSA and Letter of Medical Necessity
  H2: Who You'll Be Working With
  H2: Let's Connect
    H3: FAQ
    H3: WE'RE HERE FOR YOU
  H2: View Real Testomonials From Lives We've Helped Changed
    H3: DON'T SIMPLY TAKE IT FROM US!
    H3: MORE FROM GOOGLE!
    H3: Premium Hydration, Always on Tap
  H2: FILL THE FORM BELOW AND WE WILL CONTACT YOU ASAP!"
https://themomentumfitness.com/recovery-and-movement-therapy-in-arlington-and-mansfield/rehab-to-performance-in-arlington-mansfield-tx/,200,,False,"follow, index, max-snippet:-1, max-video-preview:-1, max-image-preview:large","Rehab to Performance in Arlington & Mansfield, TX | Momentum Fitness",68,"From injury & illness recovery to full sport, work & life performance. Credentialed training in Arlington & Mansfield. Book today.",130,1,"Rehab to Performance in Arlington & Mansfield, TX",https://themomentumfitness.com/recovery-and-movement-therapy-in-arlington-and-mansfield/rehab-to-performance-in-arlington-mansfield-tx/,False,11,8,1,"Article, ExerciseGym, GeoCoordinates, ImageObject, Organization, Person, Place, PostalAddress, WebPage, WebSite",42,https://themomentumfitness.com/cdn-cgi/l/email-protection,1130,False,8,0,0,https://themomentumfitness.com/wp-content/uploads/2026/05/Bri_Testimonial-1-1.mp4 | https://themomentumfitness.com/wp-content/uploads/2026/05/IMG_4769-1.mp4 | https://themomentumfitness.com/wp-content/uploads/2026/05/Terry-Testimonial-1-1.mp4 | https://themomentumfitness.com/wp-content/uploads/2026/05/copy_DB265C1A-615D-40AE-997D-779047BCD50B-1.mp4,"H1: Rehab to Performance in Arlington & Mansfield, TX
  H2: All the Way Back — Not Most of the Way
  H2: View Real Testomonials From Lives We've Helped Changed
  H2: The Three Phases
  H2: Phase 1 — Foundation
  H2: Phase 2 — Rebuild
  H2: Phase 3 — Transfer
  H2: Who Rehab-to-Performance Is For
  H2: How Rehab-to-Performance Integrates With Everything Else
  H2: The Difference Between This and ""Just Working Out""
  H2: What Clients Have Come Back From
    H3: FAQ
    H3: WE'RE HERE FOR YOU
  H2: View Real Testomonials From Lives We've Helped Changed
    H3: DON'T SIMPLY TAKE IT FROM US!
    H3: MORE FROM GOOGLE!
    H3: Premium Hydration, Always on Tap
  H2: FILL THE FORM BELOW AND WE WILL CONTACT YOU ASAP!"
https://themomentumfitness.com/recovery-and-movement-therapy-in-arlington-and-mansfield/strength-based-rehab-in-arlington-mansfield-tx/,200,,False,"follow, index, max-snippet:-1, max-video-preview:-1, max-image-preview:large","Strength Based Rehab in Arlington & Mansfield, TX | Momentum Fitness",68,"Progressive strength rebuilding for post-rehab, post-surgical & chronic-condition clients. Arlington & Mansfield, TX. Call 817-319-0093.",136,1,"Strength-Based Rehab in Arlington & Mansfield, TX",https://themomentumfitness.com/recovery-and-movement-therapy-in-arlington-and-mansfield/strength-based-rehab-in-arlington-mansfield-tx/,False,11,8,1,"Article, ExerciseGym, GeoCoordinates, ImageObject, Organization, Person, Place, PostalAddress, WebPage, WebSite",42,https://themomentumfitness.com/cdn-cgi/l/email-protection,966,False,8,0,0,https://themomentumfitness.com/wp-content/uploads/2026/05/Bri_Testimonial-1-1.mp4 | https://themomentumfitness.com/wp-content/uploads/2026/05/IMG_4769-1.mp4 | https://themomentumfitness.com/wp-content/uploads/2026/05/Terry-Testimonial-1-1.mp4 | https://themomentumfitness.com/wp-content/uploads/2026/05/copy_DB265C1A-615D-40AE-997D-779047BCD50B-1.mp4,"H1: Strength-Based Rehab in Arlington & Mansfield, TX
  H2: Rebuild Strength. Restore Function. Get Back to Living.
  H2: View Real Testomonials From Lives We've Helped Changed
  H2: What Strength-Based Rehab Is
  H2: Specific Situations We Address
  H2: How It Works at Momentum
  H2: What Makes This Different From Generic Personal Training
  H2: Real Outcomes
  H2: From Rehab to Performance
    H3: FAQ
    H3: WE'RE HERE FOR YOU
  H2: View Real Testomonials From Lives We've Helped Changed
    H3: DON'T SIMPLY TAKE IT FROM US!
    H3: MORE FROM GOOGLE!
    H3: Premium Hydration, Always on Tap
  H2: FILL THE FORM BELOW AND WE WILL CONTACT YOU ASAP!"
https://themomentumfitness.com/recovery-and-movement-therapy-in-arlington-and-mansfield/mobility-training-in-arlington-and-mansfield/,200,,False,"follow, index, max-snippet:-1, max-video-preview:-1, max-image-preview:large","Mobility Training for 40+ | Arlington, TX | Momentum Fitness",60,"Mobility coaching for post-rehab, post-40 & active adults. Credentialed instruction in Arlington & Mansfield, TX. Book today.",125,1,"Mobility Training in Arlington & Mansfield, TX",https://themomentumfitness.com/recovery-and-movement-therapy-in-arlington-and-mansfield/mobility-training-in-arlington-and-mansfield/,False,11,8,1,"Article, ExerciseGym, GeoCoordinates, ImageObject, Organization, Person, Place, PostalAddress, WebPage, WebSite",42,https://themomentumfitness.com/cdn-cgi/l/email-protection,941,False,8,0,0,https://themomentumfitness.com/wp-content/uploads/2026/05/Bri_Testimonial-1-1.mp4 | https://themomentumfitness.com/wp-content/uploads/2026/05/IMG_4769-1.mp4 | https://themomentumfitness.com/wp-content/uploads/2026/05/PT-Chase-_-Ann-772x1024.webp | https://themomentumfitness.com/wp-content/uploads/2026/05/Terry-Testimonial-1-1.mp4 | https://themomentumfitness.com/wp-content/uploads/2026/05/copy_DB265C1A-615D-40AE-997D-779047BCD50B-1.mp4,"H1: Mobility Training in Arlington & Mansfield, TX
  H2: Restore Range & Protect Function. Move Like You Used To.
  H2: View Real Testomonials From Lives We've Helped Changed
  H2: What Mobility Training Is
  H2: Mobility Training vs. Stretching vs. Yoga
  H2: Who Mobility Training Is For
  H2: What Mobility Training at Momentum Covers
  H2: How Mobility Integrates With Training
  H2: Mobility for Post-Rehab Clients
    H3: FAQ
    H3: WE'RE HERE FOR YOU
  H2: View Real Testomonials From Lives We've Helped Changed
    H3: DON'T SIMPLY TAKE IT FROM US!
    H3: MORE FROM GOOGLE!
    H3: Premium Hydration, Always on Tap
  H2: FILL THE FORM BELOW AND WE WILL CONTACT YOU ASAP!"
https://themomentumfitness.com/recovery-and-movement-therapy-in-arlington-and-mansfield/myofascial-release-in-arlington-and-mansfield/,200,,False,"follow, index, max-snippet:-1, max-video-preview:-1, max-image-preview:large","Myofascial Release Therapy — Arlington, TX | Momentum Fitness",61,"Licensed myofascial release therapy in Arlington & Mansfield, TX. Deeper release than stretching or massage. Call 817-319-0093.",127,1,"Myofascial Release in Arlington & Mansfield, TX",https://themomentumfitness.com/recovery-and-movement-therapy-in-arlington-and-mansfield/myofascial-release-in-arlington-and-mansfield/,False,11,8,1,"Article, ExerciseGym, GeoCoordinates, ImageObject, Organization, Person, Place, PostalAddress, WebPage, WebSite",42,https://themomentumfitness.com/cdn-cgi/l/email-protection,1028,False,8,0,0,https://themomentumfitness.com/wp-content/uploads/2026/05/Bri_Testimonial-1-1.mp4 | https://themomentumfitness.com/wp-content/uploads/2026/05/IMG_4769-1.mp4 | https://themomentumfitness.com/wp-content/uploads/2026/05/PT-Clay-_-Rachel-3--768x1024.webp | https://themomentumfitness.com/wp-content/uploads/2026/05/Terry-Testimonial-1-1.mp4 | https://themomentumfitness.com/wp-content/uploads/2026/05/copy_DB265C1A-615D-40AE-997D-779047BCD50B-1.mp4,"H1: Myofascial Release in Arlington & Mansfield, TX
  H2: Sustained-Pressure Release for Chronic Tension, Scar Tissue and Restricted Mobility
  H2: View Real Testomonials From Lives We've Helped Changed
  H2: What Myofascial Release Actually Is
    H3: Myofascial Release vs. Massage
    H3: FAQ
    H3: WE'RE HERE FOR YOU
  H2: View Real Testomonials From Lives We've Helped Changed
    H3: DON'T SIMPLY TAKE IT FROM US!
    H3: MORE FROM GOOGLE!
    H3: Premium Hydration, Always on Tap
  H2: FILL THE FORM BELOW AND WE WILL CONTACT YOU ASAP!"
https://themomentumfitness.com/recovery-and-movement-therapy-in-arlington-and-mansfield/cupping-therapy-in-arlington-and-mansfield/,200,,False,"follow, index, max-snippet:-1, max-video-preview:-1, max-image-preview:large",Cupping Therapy for Muscle Recovery | Arlington & Mansfield TX,62,"Therapeutic cupping for muscle recovery, tension relief & circulation. Arlington & Mansfield, TX. Book a session today.",119,1,"Cupping Therapy in Arlington & Mansfield, TX",https://themomentumfitness.com/recovery-and-movement-therapy-in-arlington-and-mansfield/cupping-therapy-in-arlington-and-mansfield/,False,11,8,1,"Article, ExerciseGym, GeoCoordinates, ImageObject, Organization, Person, Place, PostalAddress, WebPage, WebSite",42,https://themomentumfitness.com/cdn-cgi/l/email-protection,802,False,8,0,0,https://themomentumfitness.com/wp-content/uploads/2026/05/Bri_Testimonial-1-1.mp4 | https://themomentumfitness.com/wp-content/uploads/2026/05/IMG_4769-1.mp4 | https://themomentumfitness.com/wp-content/uploads/2026/05/PT-Clay-_-kid-1024x819.webp | https://themomentumfitness.com/wp-content/uploads/2026/05/Terry-Testimonial-1-1.mp4 | https://themomentumfitness.com/wp-content/uploads/2026/05/copy_DB265C1A-615D-40AE-997D-779047BCD50B-1.mp4,"H1: Cupping Therapy in Arlington & Mansfield, TX
  H2: Decompression Therapy for Recovery, Circulation and Tension Relief
  H2: View Real Testomonials From Lives We've Helped Changed
  H2: How Cupping Therapy Works
  H2: Dynamic Cupping vs. Static Cupping
  H2: Who Cupping Therapy Is For
  H2: What to Expect
  H2: Cupping as Part of a Complete Recovery Planm a Session
    H3: FAQ
    H3: WE'RE HERE FOR YOU
  H2: View Real Testomonials From Lives We've Helped Changed
    H3: DON'T SIMPLY TAKE IT FROM US!
    H3: MORE FROM GOOGLE!
    H3: Premium Hydration, Always on Tap
  H2: FILL THE FORM BELOW AND WE WILL CONTACT YOU ASAP!"
https://themomentumfitness.com/recovery-and-movement-therapy-in-arlington-and-mansfield/dry-needling-in-arlington-and-mansfield/,200,,False,"follow, index, max-snippet:-1, max-video-preview:-1, max-image-preview:large","Licensed Dry Needling Therapy — Arlington, TX | Momentum",56,Licensed Dry needling performed by our licensed DPT. Fast relief for muscle tension and chronic pain. Dry needling by licensed staff in Arlington & Mansfield,157,1,"Dry Needling in Arlington & Mansfield, TX",https://themomentumfitness.com/recovery-and-movement-therapy-in-arlington-and-mansfield/dry-needling-in-arlington-and-mansfield/,False,11,8,1,"Article, ExerciseGym, GeoCoordinates, ImageObject, Organization, Person, Place, PostalAddress, WebPage, WebSite",42,https://themomentumfitness.com/cdn-cgi/l/email-protection,972,False,9,1,0,https://themomentumfitness.com/wp-content/uploads/2026/05/Bri_Testimonial-1-1.mp4 | https://themomentumfitness.com/wp-content/uploads/2026/05/IMG_4769-1.mp4 | https://themomentumfitness.com/wp-content/uploads/2026/05/PT-Clay-_-Ryan-1-579x1024.webp | https://themomentumfitness.com/wp-content/uploads/2026/05/Terry-Testimonial-1-1.mp4 | https://themomentumfitness.com/wp-content/uploads/2026/05/copy_DB265C1A-615D-40AE-997D-779047BCD50B-1.mp4,"H1: Dry Needling in Arlington & Mansfield, TX
  H2: Trigger Point Release — Performed by Licensed Clinical Staff
  H2: View Real Testomonials From Lives We've Helped Changed
  H2: What Dry Needling Actually Is
    H3: How Dry Needling Is Different From Acupuncture
    H3: FAQ
    H3: WE'RE HERE FOR YOU
  H2: View Real Testomonials From Lives We've Helped Changed
    H3: DON'T SIMPLY TAKE IT FROM US!
    H3: MORE FROM GOOGLE!
    H3: Premium Hydration, Always on Tap
  H2: FILL THE FORM BELOW AND WE WILL CONTACT YOU ASAP!"
https://themomentumfitness.com/recovery-and-movement-therapy-in-arlington-and-mansfield/physical-therapy-in-arlington-and-mansfield/,200,,False,"follow, index, max-snippet:-1, max-video-preview:-1, max-image-preview:large","Physical Therapy in Arlington & Mansfield, TX | Momentum Fitness",64,"Physical therapy in Arlington, TX — Doctor of Physical Therapy on staff, longer sessions, no insurance caps, integrated with strength training. Book a consultation today.",170,1,"Physical Therapy in Arlington & Mansfield, TX",https://themomentumfitness.com/recovery-and-movement-therapy-in-arlington-and-mansfield/physical-therapy-in-arlington-and-mansfield/,False,11,8,1,"Article, ExerciseGym, GeoCoordinates, ImageObject, Organization, Person, Place, PostalAddress, WebPage, WebSite",42,https://themomentumfitness.com/cdn-cgi/l/email-protection,869,False,8,0,0,https://themomentumfitness.com/wp-content/uploads/2026/05/Bri_Testimonial-1-1.mp4 | https://themomentumfitness.com/wp-content/uploads/2026/05/IMG_4769-1.mp4 | https://themomentumfitness.com/wp-content/uploads/2026/05/PT-Clay-_-Rachel-3--768x1024.webp | https://themomentumfitness.com/wp-content/uploads/2026/05/Terry-Testimonial-1-1.mp4 | https://themomentumfitness.com/wp-content/uploads/2026/05/copy_DB265C1A-615D-40AE-997D-779047BCD50B-1.mp4,"H1: Physical Therapy in Arlington & Mansfield, TX
  H2: Physical Therapy Built Around You — Move Better, Recover Fully
  H2: View Real Testomonials From Lives We've Helped Changed
    H3: Built for the Long Game
    H3: Conditions Our Physical Therapy Supports
    H3: FAQ
    H3: WE'RE HERE FOR YOU
  H2: View Real Testomonials From Lives We've Helped Changed
    H3: DON'T SIMPLY TAKE IT FROM US!
    H3: MORE FROM GOOGLE!
    H3: Premium Hydration, Always on Tap
  H2: FILL THE FORM BELOW AND WE WILL CONTACT YOU ASAP!"
https://themomentumfitness.com/what-we-do/nutritional-guidance/,200,,False,"follow, index, max-snippet:-1, max-video-preview:-1, max-image-preview:large","Nutrition Coaching in Arlington & Mansfield, TX | Momentum Fitness",66,"Not a diet. A system. Credentialed nutrition coaching for weight loss, metabolic health & performance. Arlington & Mansfield, TX.",129,0,,https://themomentumfitness.com/what-we-do/nutritional-guidance/,False,11,8,1,"Article, ExerciseGym, GeoCoordinates, ImageObject, Organization, Person, Place, PostalAddress, WebPage, WebSite",42,https://themomentumfitness.com/cdn-cgi/l/email-protection,833,False,5,1,0,https://themomentumfitness.com/wp-content/uploads/2026/05/Bri_Testimonial-1-1.mp4 | https://themomentumfitness.com/wp-content/uploads/2026/05/IMG_4769-1.mp4 | https://themomentumfitness.com/wp-content/uploads/2026/05/Terry-Testimonial-1-1.mp4 | https://themomentumfitness.com/wp-content/uploads/2026/05/copy_DB265C1A-615D-40AE-997D-779047BCD50B-1.mp4,"  H2: Nutrition Coaching in Arlington & Mansfield, TX
  H2: NUTRITIONAL COACHING FOR THE BEST RESULTS
    H3: How Nutrition Coaching at Momentum Works
    H3: FAQ
    H3: WE'RE HERE FOR YOU
  H2: View Real Testomonials From Lives We've Helped Changed
    H3: DON'T SIMPLY TAKE IT FROM US!
    H3: MORE FROM GOOGLE!
    H3: Premium Hydration, Always on Tap
  H2: FILL THE FORM BELOW AND WE WILL CONTACT YOU ASAP!"
https://themomentumfitness.com/what-we-do/semi-private-personal-training-in-arlington/,200,,False,"follow, index, max-snippet:-1, max-video-preview:-1, max-image-preview:large",Couples & Partner Personal Training — Arlington & Mansfield TX,62,"Bring a spouse, sibling or friend. Momentum's 2-on-1 training: one coach, two clients, two plans. Arlington & Mansfield, TX.",124,1,"Semi-Private Personal Training in Arlington & Mansfield, TX",https://themomentumfitness.com/what-we-do/semi-private-personal-training-in-arlington/,False,11,8,2,"Article, ExerciseGym, GeoCoordinates, ImageObject, Organization, Person, Place, PostalAddress, WebPage, WebSite",42,https://themomentumfitness.com/cdn-cgi/l/email-protection,748,False,5,1,0,https://themomentumfitness.com/wp-content/uploads/2026/05/Bri_Testimonial-1-1.mp4 | https://themomentumfitness.com/wp-content/uploads/2026/05/IMG_4769-1.mp4 | https://themomentumfitness.com/wp-content/uploads/2026/05/Terry-Testimonial-1-1.mp4 | https://themomentumfitness.com/wp-content/uploads/2026/05/copy_DB265C1A-615D-40AE-997D-779047BCD50B-1.mp4,"H1: Semi-Private Personal Training in Arlington & Mansfield, TX
  H2: WHY CHOOSE SEMI PRIVATE PERSONAL TRAINING
    H3: How Partner Training Works at Momentum
    H3: Why Couples & Duos Love This Format
    H3: FAQ
    H3: WE'RE HERE FOR YOU
  H2: View Real Testomonials From Lives We've Helped Changed
    H3: DON'T SIMPLY TAKE IT FROM US!
    H3: MORE FROM GOOGLE!
    H3: Premium Hydration, Always on Tap
  H2: FILL THE FORM BELOW AND WE WILL CONTACT YOU ASAP!"
https://themomentumfitness.com/what-we-do/physics-101/,200,,False,"follow, index, max-snippet:-1, max-video-preview:-1, max-image-preview:large","Small Group Personal Training in Arlington & Mansfield, TX",58,Community energy + individual attention. Small group personal training with kinesiology-degreed coaches in Arlington & Mansfield.,129,1,"Small Group Personal Training in Arlington & Mansfield, TX",https://themomentumfitness.com/what-we-do/physics-101/,False,11,8,2,"Article, ExerciseGym, GeoCoordinates, ImageObject, Organization, Person, Place, PostalAddress, WebPage, WebSite",42,https://themomentumfitness.com/cdn-cgi/l/email-protection,688,False,5,1,0,https://themomentumfitness.com/wp-content/uploads/2026/05/Bri_Testimonial-1-1.mp4 | https://themomentumfitness.com/wp-content/uploads/2026/05/IMG_4769-1.mp4 | https://themomentumfitness.com/wp-content/uploads/2026/05/Terry-Testimonial-1-1.mp4 | https://themomentumfitness.com/wp-content/uploads/2026/05/copy_DB265C1A-615D-40AE-997D-779047BCD50B-1.mp4,"H1: Small Group Personal Training in Arlington & Mansfield, TX
  H2: WHY CHOOSE SMALL GROUP PERSONAL TRAINING
    H3: How Small Group Training at Momentum Works
    H3: Experience the Momentum difference with Physics 101
    H3: FAQ
    H3: WE'RE HERE FOR YOU
  H2: View Real Testomonials From Lives We've Helped Changed
    H3: DON'T SIMPLY TAKE IT FROM US!
    H3: MORE FROM GOOGLE!
    H3: Premium Hydration, Always on Tap
  H2: FILL THE FORM BELOW AND WE WILL CONTACT YOU ASAP!"
https://themomentumfitness.com/what-we-do/1-on-1-personal-training/,200,,False,"follow, index, max-snippet:-1, max-video-preview:-1, max-image-preview:large","Private Personal Training — Arlington, Mansfield & DFW | Momentum",65,"Kinesiology-degreed personal trainers. 1-on-1 prescriptive programs for weight loss, strength, rehab & longevity. Arlington & Mansfield TX.",139,1,1-On-1 Personal Training in Arlington,https://themomentumfitness.com/what-we-do/1-on-1-personal-training/,False,11,8,1,"Article, ExerciseGym, GeoCoordinates, ImageObject, Organization, Person, Place, PostalAddress, WebPage, WebSite",42,https://themomentumfitness.com/cdn-cgi/l/email-protection,564,False,5,1,0,https://themomentumfitness.com/wp-content/uploads/2026/05/Bri_Testimonial-1-1.mp4 | https://themomentumfitness.com/wp-content/uploads/2026/05/IMG_4769-1.mp4 | https://themomentumfitness.com/wp-content/uploads/2026/05/Terry-Testimonial-1-1.mp4 | https://themomentumfitness.com/wp-content/uploads/2026/05/copy_DB265C1A-615D-40AE-997D-779047BCD50B-1.mp4,"H1: 1-On-1 Personal Training in Arlington
  H2: WHY CHOOSE 1-ON-1 PERSONAL TRAINING
    H3: Unlock Your Full Potential with 1-On-1 Personal Training
    H3: FAQ
    H3: WE'RE HERE FOR YOU
  H2: View Real Testomonials From Lives We've Helped Changed
    H3: DON'T SIMPLY TAKE IT FROM US!
    H3: MORE FROM GOOGLE!
    H3: Premium Hydration, Always on Tap
  H2: FILL THE FORM BELOW AND WE WILL CONTACT YOU ASAP!"
https://themomentumfitness.com/adult-fitness-in-arlington-and-mansfield/,200,,False,"follow, index, max-snippet:-1, max-video-preview:-1, max-image-preview:large","Fitness Training in Arlington & Mansfield, TX | Momentum Fitness",64,"1-on-1, partner & small-group training plus nutrition coaching. Kinesiology-degreed coaches in Arlington & Mansfield, TX. Book today.",133,1,Adult Fitness and Personal Training in Arlington and Mansfield,https://themomentumfitness.com/adult-fitness-in-arlington-and-mansfield/,False,11,8,2,"Article, ExerciseGym, GeoCoordinates, ImageObject, Organization, Person, Place, PostalAddress, WebPage, WebSite",52,https://themomentumfitness.com/cdn-cgi/l/email-protection,800,False,5,1,0,https://themomentumfitness.com/wp-content/uploads/2026/05/Bri_Testimonial-1-1.mp4 | https://themomentumfitness.com/wp-content/uploads/2026/05/IMG_4769-1.mp4 | https://themomentumfitness.com/wp-content/uploads/2026/05/Terry-Testimonial-1-1.mp4 | https://themomentumfitness.com/wp-content/uploads/2026/05/copy_DB265C1A-615D-40AE-997D-779047BCD50B-1.mp4,"H1: Adult Fitness and Personal Training in Arlington and Mansfield
  H2: Personal Training Built for you
  H2: 1 on 1 Personal Training
  H2: Partner/Semi Private Training
  H2: Small Group Personal Training
  H2: Nutrition Coaching
    H3: What Makes Momentum Training Different
    H3: Who Training at Momentum Is For
    H3: FAQ
    H3: OUR FACILITIES
    H3: WE'RE HERE FOR YOU
  H2: View Real Testomonials From Lives We've Helped Changed
    H3: DON'T SIMPLY TAKE IT FROM US!
    H3: MORE FROM GOOGLE!
    H3: Premium Hydration, Always on Tap
  H2: FILL THE FORM BELOW AND WE WILL CONTACT YOU ASAP!"
https://themomentumfitness.com/results/,200,,False,"follow, index, max-snippet:-1, max-video-preview:-1, max-image-preview:large",Transformation Stories: From Pain to Performance | Momentum Fitness,67,"See how DFW clients recovered from stroke, neuropathy, surgery & chronic pain with Momentum's movement-and-medicine approach.",125,1,Real Results & Testimonials From Real Clients,https://themomentumfitness.com/results/,False,13,8,4,"Article, ExerciseGym, GeoCoordinates, ImageObject, Organization, Person, Place, PostalAddress, WebPage, WebSite",42,https://themomentumfitness.com/cdn-cgi/l/email-protection,443,False,8,0,0,https://themomentumfitness.com/wp-content/uploads/2026/05/Bri_Testimonial-1-1.mp4 | https://themomentumfitness.com/wp-content/uploads/2026/05/Cathy-Kempler-Testimonial-.mp4 | https://themomentumfitness.com/wp-content/uploads/2026/05/IMG_4769-1.mp4 | https://themomentumfitness.com/wp-content/uploads/2026/05/Terry-Testimonial-1-1.mp4 | https://themomentumfitness.com/wp-content/uploads/2026/05/copy_DB265C1A-615D-40AE-997D-779047BCD50B-1.mp4,"H1: Real Results & Testimonials From Real Clients
  H2: 10+ Years of Transformations — Arlington, Mansfield & DFW
  H2: View Real Testomonials From Lives We've Helped Changed
    H3: Dr. Lesantha Naidoo
    H3: Vigor Active Health Chats Interview with Dr. Stephen Newhart
    H3: Resile One Foundation -  Business Partner Of The Year Award Winners
    H3: Endorsed by Executive Medicine of Texas
- Walter Gaman MD
    H3: WE'RE HERE FOR YOU
  H2: View Real Testomonials From Lives We've Helped Changed
    H3: DON'T SIMPLY TAKE IT FROM US!
    H3: MORE FROM GOOGLE!
    H3: Premium Hydration, Always on Tap
  H2: FILL THE FORM BELOW AND WE WILL CONTACT YOU ASAP!"
https://themomentumfitness.com/who-we-are/,200,,False,"follow, index, max-snippet:-1, max-video-preview:-1, max-image-preview:large","Meet the Momentum Team: DPTs, Trainers & Therapists | Arlington TX",66,"Kinesiology degrees, a Doctor of Physical Therapy, and two physician partnerships. Learn why DFW doctors refer patients to Momentum",131,0,,https://themomentumfitness.com/who-we-are/,False,22,8,11,"AboutPage, ExerciseGym, GeoCoordinates, ImageObject, Organization, Place, PostalAddress, WebSite",42,https://themomentumfitness.com/cdn-cgi/l/email-protection,3766,False,7,3,0,https://themomentumfitness.com/wp-content/uploads/2025/01/members-1.mp4 | https://themomentumfitness.com/wp-content/uploads/2025/02/Snapinst.app_video_AQPAYgNn8miT3BqQbtAj6QFLZ8n72WhIl7E9a1RElurInrP1O0i0yuTlF4i0_Byg8364jQQ-03wXmY_TizEUXzRcTxMIN0VOkmzoq5k.mp4 | https://themomentumfitness.com/wp-content/uploads/2025/05/IMG_4534-scaled.jpg | https://themomentumfitness.com/wp-content/uploads/2026/05/Bri_Testimonial-1-1.mp4 | https://themomentumfitness.com/wp-content/uploads/2026/05/IMG_4769-1.mp4 | https://themomentumfitness.com/wp-content/uploads/2026/05/Terry-Testimonial-1-1.mp4 | https://themomentumfitness.com/wp-content/uploads/2026/05/copy_DB265C1A-615D-40AE-997D-779047BCD50B-1.mp4,"  H2: WHO WE ARE
  H2: MEET THE TEAM!
  H2: GET TO KNOW US!
    H3: WE'RE HERE FOR YOU
  H2: View Real Testomonials From Lives We've Helped Changed
    H3: DON'T SIMPLY TAKE IT FROM US!
    H3: MORE FROM GOOGLE!
    H3: Premium Hydration, Always on Tap
  H2: FILL THE FORM BELOW AND WE WILL CONTACT YOU ASAP!"
https://themomentumfitness.com/conditions-we-help-treat/behavioral-lifestyle-patterns/,200,,False,"follow, index, max-snippet:-1, max-video-preview:-1, max-image-preview:large",Behavioral & Lifestyle Patterns - Momentum Fitness,50,"Real coaching for the obstacles every adult faces — accountability, time, consistency, nutrition habits in Arlington & Mansfield, TX.",133,1,Behavioral & Lifestyle Patterns,https://themomentumfitness.com/conditions-we-help-treat/behavioral-lifestyle-patterns/,False,11,8,2,"Article, ExerciseGym, GeoCoordinates, ImageObject, Organization, Person, Place, PostalAddress, WebPage, WebSite",42,https://themomentumfitness.com/cdn-cgi/l/email-protection,1351,False,8,0,0,https://themomentumfitness.com/wp-content/uploads/2026/05/Bri_Testimonial-1-1.mp4 | https://themomentumfitness.com/wp-content/uploads/2026/05/IMG_4769-1.mp4 | https://themomentumfitness.com/wp-content/uploads/2026/05/Terry-Testimonial-1-1.mp4 | https://themomentumfitness.com/wp-content/uploads/2026/05/copy_DB265C1A-615D-40AE-997D-779047BCD50B-1.mp4,"H1: Behavioral & Lifestyle Patterns
  H2: Accountability, Consistency, and Real Change That Survives Real Life
  H2: View Real Testomonials From Lives We've Helped Changed
  H2: Patterns We Help Clients Move Past
  H2: Lack of Accountability
  H2: Inconsistent Exercise Habits
  H2: Poor Nutrition Adherence
  H2: Time Management and Burnout
  H2: Sedentary Lifestyle
  H2: Coaches Notice Patterns You Can't
  H2: Real Accountability Changes Behavior
  H2: Community Makes the Right Choice Easier
  H2: How We Build Systems With Clients
  H2: Services Most Relevant to Behavioral and Lifestyle Coaching
  H2: A Note on Coaching Style
    H3: FAQ
    H3: WE'RE HERE FOR YOU
  H2: View Real Testomonials From Lives We've Helped Changed
    H3: DON'T SIMPLY TAKE IT FROM US!
    H3: MORE FROM GOOGLE!
    H3: Premium Hydration, Always on Tap
  H2: FILL THE FORM BELOW AND WE WILL CONTACT YOU ASAP!"
https://themomentumfitness.com/conditions-we-help-treat/cardiovascular-fatigue-conditions/,200,,False,"follow, index, max-snippet:-1, max-video-preview:-1, max-image-preview:large",Cardiovascular & Fatigue Conditions - Momentum Fitness,54,"Chronic fatigue, low energy, post-cardiac & illness care. Rebuild your energy at any starting point.",100,1,"Cardiovascular & Fatigue Condition Care in Arlington & Mansfield, TX",https://themomentumfitness.com/conditions-we-help-treat/cardiovascular-fatigue-conditions/,False,11,8,1,"Article, ExerciseGym, GeoCoordinates, ImageObject, Organization, Person, Place, PostalAddress, WebPage, WebSite",42,https://themomentumfitness.com/cdn-cgi/l/email-protection,1177,False,8,0,0,https://themomentumfitness.com/wp-content/uploads/2025/09/3-1024x1024.png | https://themomentumfitness.com/wp-content/uploads/2026/05/Bri_Testimonial-1-1.mp4 | https://themomentumfitness.com/wp-content/uploads/2026/05/IMG_4769-1.mp4 | https://themomentumfitness.com/wp-content/uploads/2026/05/Terry-Testimonial-1-1.mp4 | https://themomentumfitness.com/wp-content/uploads/2026/05/copy_DB265C1A-615D-40AE-997D-779047BCD50B-1.mp4,"H1: Cardiovascular & Fatigue Condition Care in Arlington & Mansfield, TX
  H2: Rebuild Energy, Endurance and Capacity — At Any Starting Point
  H2: View Real Testomonials From Lives We've Helped Changed
  H2: Conditions We Support
  H2: Chronic Fatigue
  H2: Low Energy and Burnout
  H2: Poor Cardiovascular Conditioning
  H2: Post-Illness Deconditioning (Including Post-Cardiac and Long COVID)
  H2: Start Where You Are, Not Where You Wish You Were
  H2: Combine Strength and Conditioning
  H2: Coordinate With Your Medical Team When Needed
  H2: Services Most Relevant to Cardiovascular and Fatigue Care
  H2: For Referring Physicians
    H3: FAQ
    H3: WE'RE HERE FOR YOU
  H2: View Real Testomonials From Lives We've Helped Changed
    H3: DON'T SIMPLY TAKE IT FROM US!
    H3: MORE FROM GOOGLE!
    H3: Premium Hydration, Always on Tap
  H2: FILL THE FORM BELOW AND WE WILL CONTACT YOU ASAP!"
https://themomentumfitness.com/conditions-we-help-treat/womens-health-hormonal-conditions/,200,,False,"follow, index, max-snippet:-1, max-video-preview:-1, max-image-preview:large",Women's Health & Hormonal Conditions - Momentum Fitness,55,"Women's hormonal health care that works with your body — not against it. Real support for PCOS, perimenopause & thyroid conditions.",131,1,"Women's Health & Hormonal Condition Support in Arlington & Mansfield, TX",https://themomentumfitness.com/conditions-we-help-treat/womens-health-hormonal-conditions/,False,11,8,1,"Article, ExerciseGym, GeoCoordinates, ImageObject, Organization, Person, Place, PostalAddress, WebPage, WebSite",42,https://themomentumfitness.com/cdn-cgi/l/email-protection,1356,False,8,0,0,https://themomentumfitness.com/wp-content/uploads/2026/05/Bri_Testimonial-1-1.mp4 | https://themomentumfitness.com/wp-content/uploads/2026/05/IMG_4769-1.mp4 | https://themomentumfitness.com/wp-content/uploads/2026/05/PT-Hasbi-Darla-1--1024x768.png | https://themomentumfitness.com/wp-content/uploads/2026/05/Terry-Testimonial-1-1.mp4 | https://themomentumfitness.com/wp-content/uploads/2026/05/copy_DB265C1A-615D-40AE-997D-779047BCD50B-1.mp4,"H1: Women's Health & Hormonal Condition Support in Arlington & Mansfield, TX
  H2: Training and Nutrition Built for Hormonal Reality
  H2: View Real Testomonials From Lives We've Helped Changed
  H2: Conditions We Support
  H2: PCOS (Polycystic Ovary Syndrome)
  H2: Perimenopause and Menopause
  H2: Hypothyroidism and Hyperthyroidism
  H2: Hashimoto's Thyroiditis
  H2: Hormonal Weight Gain
  H2: Low Testosterone (Men)
  H2: Why Women's Health Programming Is Different
  H2: Strength Training Should Be the Foundation, Not a Supplement
  H2: Recovery Capacity Changes — and Programming Should
  H2: Nutrition Gets Specific
  H2: Results Come From Patience, Not Punishment
  H2: How We Approach Women's Hormonal Health
  H2: Services Most Relevant to Women's Health
  H2: For Referring Physicians
    H3: FAQ
    H3: WE'RE HERE FOR YOU
  H2: View Real Testomonials From Lives We've Helped Changed
    H3: DON'T SIMPLY TAKE IT FROM US!
    H3: MORE FROM GOOGLE!
    H3: Premium Hydration, Always on Tap
  H2: FILL THE FORM BELOW AND WE WILL CONTACT YOU ASAP!"
https://themomentumfitness.com/conditions-we-help-treat/,200,,False,"follow, index, max-snippet:-1, max-video-preview:-1, max-image-preview:large",Conditions We Help Treat - Momentum Fitness,43,A comprehensive list of conditions Momentum Fitness supports through movement-based care.,89,1,Conditions We Help Treat,https://themomentumfitness.com/conditions-we-help-treat/,False,11,8,1,"Article, ExerciseGym, GeoCoordinates, ImageObject, Organization, Person, Place, PostalAddress, WebPage, WebSite",52,https://themomentumfitness.com/cdn-cgi/l/email-protection,970,False,9,1,0,https://themomentumfitness.com/wp-content/uploads/2026/05/Bri_Testimonial-1-1.mp4 | https://themomentumfitness.com/wp-content/uploads/2026/05/IMG_4769-1.mp4 | https://themomentumfitness.com/wp-content/uploads/2026/05/PT-David-Bri-2--768x1024.png | https://themomentumfitness.com/wp-content/uploads/2026/05/Terry-Testimonial-1-1.mp4 | https://themomentumfitness.com/wp-content/uploads/2026/05/copy_DB265C1A-615D-40AE-997D-779047BCD50B-1.mp4,"H1: Conditions We Help Treat
  H2: Movement-Based Care for Over 40 Conditions — Arlington, Mansfield and the DFW Metroplex
  H2: How to Use This Page
  H2: View Real Testomonials From Lives We've Helped Changed
  H2: Neurological & Nerve-Related Conditions
  H2: Musculoskeletal & Chronic Pain Conditions
  H2: Metabolic & Internal Health Conditions
  H2: Hormonal, Endocrine & Women's Health Conditions
  H2: Degenerative & Aging Conditions
  H2: Cardiovascular & Fatigue Conditions
  H2: Post-Rehab & Performance Gap
  H2: Behavioral & Lifestyle Patterns
    H3: Our Clinical Approach
    H3: What If You're a Physician Evaluating Us?
    H3: FAQ
    H3: OUR FACILITIES
    H3: WE'RE HERE FOR YOU
  H2: View Real Testomonials From Lives We've Helped Changed
    H3: DON'T SIMPLY TAKE IT FROM US!
    H3: MORE FROM GOOGLE!
    H3: Premium Hydration, Always on Tap
  H2: FILL THE FORM BELOW AND WE WILL CONTACT YOU ASAP!"
https://themomentumfitness.com/hsa-fsa/,200,,False,"follow, index, max-snippet:-1, max-video-preview:-1, max-image-preview:large",HSA/FSA & Letter of Medical Necessity - Momentum Fitness,56,Use your HSA or FSA at Momentum Fitness,39,1,"HSA, FSA, and Letter of Medical Necessity - A Complete Guide",https://themomentumfitness.com/hsa-fsa/,False,11,8,2,"Article, ExerciseGym, GeoCoordinates, ImageObject, Organization, Person, Place, PostalAddress, WebPage, WebSite",42,https://themomentumfitness.com/cdn-cgi/l/email-protection,1405,False,8,0,0,https://themomentumfitness.com/wp-content/uploads/2026/05/Bri_Testimonial-1-1.mp4 | https://themomentumfitness.com/wp-content/uploads/2026/05/IMG_4769-1.mp4 | https://themomentumfitness.com/wp-content/uploads/2026/05/Terry-Testimonial-1-1.mp4 | https://themomentumfitness.com/wp-content/uploads/2026/05/copy_DB265C1A-615D-40AE-997D-779047BCD50B-1.mp4,"H1: HSA, FSA, and Letter of Medical Necessity - A Complete Guide
  H2: Use Pre-Tax Healthcare Dollars for Momentum Services
  H2: View Real Testomonials From Lives We've Helped Changed
  H2: Note: Momentum Fitness does not rot require a medical necessity
  H2: What Is a Letter of Medical Necessity?
  H2: What an LOMN Should Contain
  H2: How to Request an LOMN
  H2: Path 1: Your Existing Physician Writes It
  H2: Path 2: Coordinate Through a Momentum Physician Partner
  H2: Path 3: Your Momentum DPT Provides Documentation
  H2: What Momentum Services Are Typically Eligible
  H2: What's Typically Not Eligible
  H2: How to Submit for Reimbursement
  H2: When Reimbursement Is Denied
  H2: For Physicians Writing LOMNs
    H3: FAQ
    H3: WE'RE HERE FOR YOU
  H2: View Real Testomonials From Lives We've Helped Changed
    H3: DON'T SIMPLY TAKE IT FROM US!
    H3: MORE FROM GOOGLE!
    H3: Premium Hydration, Always on Tap
  H2: FILL THE FORM BELOW AND WE WILL CONTACT YOU ASAP!"
https://themomentumfitness.com/information-for-physicians/,200,,False,"follow, index, max-snippet:-1, max-video-preview:-1, max-image-preview:large",Information For Physicians - Momentum Fitness,45,"If you're a physician evaluating where to send patients for post-rehab care, condition-specific movement therapy, strength-based recovery or integrated physical therapy, this page is built for you. Momentum Fitness is a movement-and-medicine facility serving Arlington, Mansfield and the greater DFW Metroplex — with a licensed Doctor of Physical Therapy on staff, certified manual therapy, and a credentialed coaching team. We're already the referral choice for Integrative Medical (Colleyville), Executive Medicine (Southlake) and a Fort Worth sports rehabilitation partnership. We'd like to be that for your practice too.",624,1,"For Physicians: A Referral Resource for Movement, Recovery and Post-Rehab Care",https://themomentumfitness.com/information-for-physicians/,False,11,8,2,"Article, ExerciseGym, GeoCoordinates, ImageObject, Organization, Person, Place, PostalAddress, WebPage, WebSite",42,https://themomentumfitness.com/cdn-cgi/l/email-protection,1189,False,8,0,0,https://themomentumfitness.com/wp-content/uploads/2026/05/Bri_Testimonial-1-1.mp4 | https://themomentumfitness.com/wp-content/uploads/2026/05/IMG_4769-1.mp4 | https://themomentumfitness.com/wp-content/uploads/2026/05/Terry-Testimonial-1-1.mp4 | https://themomentumfitness.com/wp-content/uploads/2026/05/copy_DB265C1A-615D-40AE-997D-779047BCD50B-1.mp4,"H1: For Physicians: A Referral Resource for Movement, Recovery and Post-Rehab Care
  H2: Integrated Clinical and Performance Care for Your Patients — Arlington, Mansfield and the 
  H2: View Real Testomonials From Lives We've Helped Changed
  H2: What We Offer Your Patients
  H2: Licensed Physical Therapy
  H2: Strength-Based Rehab for Post-Discharge Patients
  H2: Manual Therapy, Dry Needling, Myofascial Release, Cupping
  H2: Condition-Specific Movement Care
  H2: Athletic Performance and Return-to-Sport
  H2: Clinical Team and Credentials
  H2: How Referrals Work
  H2: What Happens After You Refer
  H2: HSA/FSA and Letter of Medical Necessity
  H2: Who Refers to Momentum
  H2: Let's Connect
    H3: FAQ
    H3: WE'RE HERE FOR YOU
  H2: View Real Testomonials From Lives We've Helped Changed
    H3: DON'T SIMPLY TAKE IT FROM US!
    H3: MORE FROM GOOGLE!
    H3: Premium Hydration, Always on Tap
  H2: FILL THE FORM BELOW AND WE WILL CONTACT YOU ASAP!"
https://themomentumfitness.com/careers/,200,,False,"follow, index, max-snippet:-1, max-video-preview:-1, max-image-preview:large",Careers - Momentum Fitness,26,"Most trainers get thrown onto a gym floor and told to ""figure it out."" That's not how careers are built. That's how they stall. At Momentum, we do it differently — and the trainers and specialists we hire don't just work here, they grow here.",242,0,,https://themomentumfitness.com/careers/,False,10,8,0,"Article, ExerciseGym, GeoCoordinates, ImageObject, Organization, Person, Place, PostalAddress, WebPage, WebSite",42,https://themomentumfitness.com/cdn-cgi/l/email-protection,1992,False,7,3,0,https://themomentumfitness.com/wp-content/uploads/2025/01/members-1.mp4 | https://themomentumfitness.com/wp-content/uploads/2025/02/Snapinst.app_video_AQPAYgNn8miT3BqQbtAj6QFLZ8n72WhIl7E9a1RElurInrP1O0i0yuTlF4i0_Byg8364jQQ-03wXmY_TizEUXzRcTxMIN0VOkmzoq5k.mp4 | https://themomentumfitness.com/wp-content/uploads/2026/05/Bri_Testimonial-1-1.mp4 | https://themomentumfitness.com/wp-content/uploads/2026/05/IMG_4769-1.mp4 | https://themomentumfitness.com/wp-content/uploads/2026/05/Terry-Testimonial-1-1.mp4 | https://themomentumfitness.com/wp-content/uploads/2026/05/copy_DB265C1A-615D-40AE-997D-779047BCD50B-1.mp4,"  H2: Build a Career, Not Just a Job
  H2: Now Hiring at Momentum Proactive Health & Fitness — Arlington & Mansfield, TX
  H2: Now Hiring at Momentum Fitness — Arlington & Mansfield, TX
  H2: Meet The Team
  H2: Apply Today!
    H3: WE'RE HERE FOR YOU
  H2: View Real Testomonials From Lives We've Helped Changed
    H3: DON'T SIMPLY TAKE IT FROM US!
    H3: MORE FROM GOOGLE!
    H3: Premium Hydration, Always on Tap
  H2: FILL THE FORM BELOW AND WE WILL CONTACT YOU ASAP!"
https://themomentumfitness.com/what-we-do/,200,,False,"follow, index, max-snippet:-1, max-video-preview:-1, max-image-preview:large",What We Do - Momentum Fitness,29,"We focus on delivering customized training solutions in a supportive, results-driven environment. Whether you’re looking to build muscle, enhance endurance,",156,1,Personal Training and Physical Therapy in Arlington,https://themomentumfitness.com/what-we-do/,False,10,8,1,"Article, ExerciseGym, GeoCoordinates, ImageObject, Organization, Person, Place, PostalAddress, WebPage, WebSite",53,https://themomentumfitness.com/cdn-cgi/l/email-protection,553,False,5,1,0,https://themomentumfitness.com/wp-content/uploads/2026/05/Bri_Testimonial-1-1.mp4 | https://themomentumfitness.com/wp-content/uploads/2026/05/IMG_4769-1.mp4 | https://themomentumfitness.com/wp-content/uploads/2026/05/Terry-Testimonial-1-1.mp4 | https://themomentumfitness.com/wp-content/uploads/2026/05/copy_DB265C1A-615D-40AE-997D-779047BCD50B-1.mp4,"H1: Personal Training and Physical Therapy in Arlington
  H2: Our Services
  H2: Adult Personal Training
  H2: Physical Therapy and Recovery
  H2: Athletic Performance Training
  H2: Nutrition Coaching
    H3: Athlete Performance Training
    H3: Adult Personal Training
    H3: PHYSICAL THERAPY AND RECOVERY
    H3: NUTRITION COACHING
    H3: OUR FACILITIES
    H3: WE'RE HERE FOR YOU
  H2: View Real Testomonials From Lives We've Helped Changed
    H3: DON'T SIMPLY TAKE IT FROM US!
    H3: MORE FROM GOOGLE!
    H3: Premium Hydration, Always on Tap
  H2: FILL THE FORM BELOW AND WE WILL CONTACT YOU ASAP!"
https://themomentumfitness.com/gallery/,200,,False,"follow, index, max-snippet:-1, max-video-preview:-1, max-image-preview:large",Gallery - Momentum Fitness,26,"Recognized as Living Magazine’s Best Gym of 2024 and 2025, we take pride in offering a high-end fitness experience tailored to those who seek results, innovation, and a personalized touch.",188,0,,https://themomentumfitness.com/gallery/,False,9,8,0,"Article, ExerciseGym, GeoCoordinates, ImageObject, Organization, Person, Place, PostalAddress, WebPage, WebSite",70,https://themomentumfitness.com/cdn-cgi/l/email-protection,159,True,7,3,0,https://themomentumfitness.com/wp-content/uploads/2025/01/members-1.mp4 | https://themomentumfitness.com/wp-content/uploads/2025/02/Snapinst.app_video_AQPAYgNn8miT3BqQbtAj6QFLZ8n72WhIl7E9a1RElurInrP1O0i0yuTlF4i0_Byg8364jQQ-03wXmY_TizEUXzRcTxMIN0VOkmzoq5k.mp4 | https://themomentumfitness.com/wp-content/uploads/2026/05/Bri_Testimonial-1-1.mp4 | https://themomentumfitness.com/wp-content/uploads/2026/05/IMG_4769-1.mp4 | https://themomentumfitness.com/wp-content/uploads/2026/05/Terry-Testimonial-1-1.mp4 | https://themomentumfitness.com/wp-content/uploads/2026/05/copy_DB265C1A-615D-40AE-997D-779047BCD50B-1.mp4,"  H2: WHO WE ARE
  H2: View Our Gym
  H2: GET TO KNOW US!
    H3: WE'RE HERE FOR YOU
  H2: View Real Testomonials From Lives We've Helped Changed
    H3: DON'T SIMPLY TAKE IT FROM US!
    H3: MORE FROM GOOGLE!
    H3: Premium Hydration, Always on Tap
  H2: FILL THE FORM BELOW AND WE WILL CONTACT YOU ASAP!"
https://themomentumfitness.com/vip-membership/,200,,False,"follow, index, max-snippet:-1, max-video-preview:-1, max-image-preview:large",VIP Membership - Momentum Fitness,33,"Step into a higher standard of health and performance with Momentum’s exclusive VIP Membership—designed for those who value privacy, expertise, and results.",156,0,,https://themomentumfitness.com/vip-membership/,False,17,8,1,"Article, ExerciseGym, GeoCoordinates, ImageObject, Organization, Person, Place, PostalAddress, WebPage, WebSite",43,https://themomentumfitness.com/cdn-cgi/l/email-protection,243,True,6,2,0,https://themomentumfitness.com/wp-content/uploads/2025/02/Snapinst.app_video_AQPAYgNn8miT3BqQbtAj6QFLZ8n72WhIl7E9a1RElurInrP1O0i0yuTlF4i0_Byg8364jQQ-03wXmY_TizEUXzRcTxMIN0VOkmzoq5k.mp4 | https://themomentumfitness.com/wp-content/uploads/2025/09/1-1024x1024.png | https://themomentumfitness.com/wp-content/uploads/2025/09/2-1024x1024.png | https://themomentumfitness.com/wp-content/uploads/2025/09/3-1024x1024.png | https://themomentumfitness.com/wp-content/uploads/2025/09/4-1024x1024.png | https://themomentumfitness.com/wp-content/uploads/2025/09/5-1024x1024.png | https://themomentumfitness.com/wp-content/uploads/2025/09/6-1024x1024.png | https://themomentumfitness.com/wp-content/uploads/2025/09/7-1024x1024.png | https://themomentumfitness.com/wp-content/uploads/2025/09/Untitled-design-40-1024x1024.png | https://themomentumfitness.com/wp-content/uploads/2026/05/Bri_Testimonial-1-1.mp4 | https://themomentumfitness.com/wp-content/uploads/2026/05/IMG_4769-1.mp4 | https://themomentumfitness.com/wp-content/uploads/2026/05/Terry-Testimonial-1-1.mp4 | https://themomentumfitness.com/wp-content/uploads/2026/05/copy_DB265C1A-615D-40AE-997D-779047BCD50B-1.mp4,"  H2: MOMENTUM IS NOW OPEN TO THE PUBLI!!
  H2: VIP MEMBERSHIP
  H2: WHAT YOU GET
  H2: Access to Our Private Training Facility
  H2: Cutting-edge tools curated for precision and performance.
  H2: Be Surrounded by Experts
  H2: Upscale Aesthetics & Modern Feel
  H2: One Physics 101 Group Training Session Weekly
  H2: Complimentary Refreshments, Fruits & Snacks
  H2: Your Own Private Gym Experience
  H2: A Collaborative, Not Competitive Atmosphere
  H2: Why VIP?
  H2: Membership Costs
    H3: WE'RE HERE FOR YOU
  H2: View Real Testomonials From Lives We've Helped Changed
    H3: DON'T SIMPLY TAKE IT FROM US!
    H3: MORE FROM GOOGLE!
    H3: Premium Hydration, Always on Tap
  H2: FILL THE FORM BELOW AND WE WILL CONTACT YOU ASAP!"
https://themomentumfitness.com/what-we-do/executive-membership/,200,,False,"follow, index, max-snippet:-1, max-video-preview:-1, max-image-preview:large",Executive Membership - Momentum Fitness,39,"For those who value privacy, flexibility, and access to premium equipment without the crowd, Momentum Fitness offers a unique Executive Membership. This elite",158,0,,https://themomentumfitness.com/what-we-do/executive-membership/,False,10,8,0,"Article, ExerciseGym, GeoCoordinates, ImageObject, Organization, Person, Place, PostalAddress, WebPage, WebSite",42,https://themomentumfitness.com/cdn-cgi/l/email-protection,308,False,5,1,0,https://themomentumfitness.com/wp-content/uploads/2025/05/A333A5CA-06D4-4037-B083-21AA3DE35438-1024x576.png | https://themomentumfitness.com/wp-content/uploads/2026/05/Bri_Testimonial-1-1.mp4 | https://themomentumfitness.com/wp-content/uploads/2026/05/IMG_4769-1.mp4 | https://themomentumfitness.com/wp-content/uploads/2026/05/Terry-Testimonial-1-1.mp4 | https://themomentumfitness.com/wp-content/uploads/2026/05/copy_DB265C1A-615D-40AE-997D-779047BCD50B-1.mp4,"  H2: Executive Membership
  H2: Your Gym. Your Time. Your Terms.
  H2: WHY CHOOSE EXECUTIVE MEMBERSHIP
    H3: Why Choose Executive Membership?
    H3: WE'RE HERE FOR YOU
  H2: View Real Testomonials From Lives We've Helped Changed
    H3: DON'T SIMPLY TAKE IT FROM US!
    H3: MORE FROM GOOGLE!
    H3: Premium Hydration, Always on Tap
  H2: FILL THE FORM BELOW AND WE WILL CONTACT YOU ASAP!"
https://themomentumfitness.com/thank-you/,200,,False,"follow, index, max-snippet:-1, max-video-preview:-1, max-image-preview:large",Thank You - Momentum Fitness,28,We can't wait to talk to you more and we will be reaching out to you soon!,74,0,,https://themomentumfitness.com/thank-you/,False,9,8,0,"Article, ExerciseGym, GeoCoordinates, ImageObject, Organization, Person, Place, PostalAddress, WebPage, WebSite",43,https://themomentumfitness.com/cdn-cgi/l/email-protection,32,True,4,0,0,https://themomentumfitness.com/wp-content/uploads/2026/05/Bri_Testimonial-1-1.mp4 | https://themomentumfitness.com/wp-content/uploads/2026/05/IMG_4769-1.mp4 | https://themomentumfitness.com/wp-content/uploads/2026/05/Terry-Testimonial-1-1.mp4 | https://themomentumfitness.com/wp-content/uploads/2026/05/copy_DB265C1A-615D-40AE-997D-779047BCD50B-1.mp4,"  H2: Thank You
    H3: WE'RE HERE FOR YOU
  H2: View Real Testomonials From Lives We've Helped Changed
    H3: DON'T SIMPLY TAKE IT FROM US!
    H3: MORE FROM GOOGLE!
    H3: Premium Hydration, Always on Tap
  H2: FILL THE FORM BELOW AND WE WILL CONTACT YOU ASAP!"
https://themomentumfitness.com/team-member/clay-townsley/,200,,False,"follow, index, max-snippet:-1, max-video-preview:-1, max-image-preview:large",Clay Townsley - Momentum Fitness,32,,0,1,Clay Townsley,https://themomentumfitness.com/team-member/clay-townsley/,False,9,8,0,,43,https://themomentumfitness.com/cdn-cgi/l/email-protection,15,True,4,0,0,https://themomentumfitness.com/wp-content/uploads/2026/05/Bri_Testimonial-1-1.mp4 | https://themomentumfitness.com/wp-content/uploads/2026/05/IMG_4769-1.mp4 | https://themomentumfitness.com/wp-content/uploads/2026/05/Terry-Testimonial-1-1.mp4 | https://themomentumfitness.com/wp-content/uploads/2026/05/copy_DB265C1A-615D-40AE-997D-779047BCD50B-1.mp4,"H1: Clay Townsley
    H3: WE'RE HERE FOR YOU
  H2: View Real Testomonials From Lives We've Helped Changed
    H3: DON'T SIMPLY TAKE IT FROM US!
    H3: MORE FROM GOOGLE!
    H3: Premium Hydration, Always on Tap
  H2: FILL THE FORM BELOW AND WE WILL CONTACT YOU ASAP!"
https://themomentumfitness.com/team-member/jana-jenkins/,200,,False,"follow, index, max-snippet:-1, max-video-preview:-1, max-image-preview:large",Jana Jenkins - Momentum Fitness,31,,0,1,Jana Jenkins,https://themomentumfitness.com/team-member/jana-jenkins/,False,9,8,0,,43,https://themomentumfitness.com/cdn-cgi/l/email-protection,15,True,4,0,0,https://themomentumfitness.com/wp-content/uploads/2026/05/Bri_Testimonial-1-1.mp4 | https://themomentumfitness.com/wp-content/uploads/2026/05/IMG_4769-1.mp4 | https://themomentumfitness.com/wp-content/uploads/2026/05/Terry-Testimonial-1-1.mp4 | https://themomentumfitness.com/wp-content/uploads/2026/05/copy_DB265C1A-615D-40AE-997D-779047BCD50B-1.mp4,"H1: Jana Jenkins
    H3: WE'RE HERE FOR YOU
  H2: View Real Testomonials From Lives We've Helped Changed
    H3: DON'T SIMPLY TAKE IT FROM US!
    H3: MORE FROM GOOGLE!
    H3: Premium Hydration, Always on Tap
  H2: FILL THE FORM BELOW AND WE WILL CONTACT YOU ASAP!"
https://themomentumfitness.com/team-member/brionna-baker/,200,,False,"follow, index, max-snippet:-1, max-video-preview:-1, max-image-preview:large",Brionna Baker - Momentum Fitness,32,,0,1,Brionna Baker,https://themomentumfitness.com/team-member/brionna-baker/,False,9,8,0,,43,https://themomentumfitness.com/cdn-cgi/l/email-protection,15,True,4,0,0,https://themomentumfitness.com/wp-content/uploads/2026/05/Bri_Testimonial-1-1.mp4 | https://themomentumfitness.com/wp-content/uploads/2026/05/IMG_4769-1.mp4 | https://themomentumfitness.com/wp-content/uploads/2026/05/Terry-Testimonial-1-1.mp4 | https://themomentumfitness.com/wp-content/uploads/2026/05/copy_DB265C1A-615D-40AE-997D-779047BCD50B-1.mp4,"H1: Brionna Baker
    H3: WE'RE HERE FOR YOU
  H2: View Real Testomonials From Lives We've Helped Changed
    H3: DON'T SIMPLY TAKE IT FROM US!
    H3: MORE FROM GOOGLE!
    H3: Premium Hydration, Always on Tap
  H2: FILL THE FORM BELOW AND WE WILL CONTACT YOU ASAP!"
https://themomentumfitness.com/team-member/kofi-ankamah/,200,,False,"follow, index, max-snippet:-1, max-video-preview:-1, max-image-preview:large",Kofi Ankamah - Momentum Fitness,31,,0,1,Kofi Ankamah,https://themomentumfitness.com/team-member/kofi-ankamah/,False,9,8,0,,43,https://themomentumfitness.com/cdn-cgi/l/email-protection,15,True,4,0,0,https://themomentumfitness.com/wp-content/uploads/2026/05/Bri_Testimonial-1-1.mp4 | https://themomentumfitness.com/wp-content/uploads/2026/05/IMG_4769-1.mp4 | https://themomentumfitness.com/wp-content/uploads/2026/05/Terry-Testimonial-1-1.mp4 | https://themomentumfitness.com/wp-content/uploads/2026/05/copy_DB265C1A-615D-40AE-997D-779047BCD50B-1.mp4,"H1: Kofi Ankamah
    H3: WE'RE HERE FOR YOU
  H2: View Real Testomonials From Lives We've Helped Changed
    H3: DON'T SIMPLY TAKE IT FROM US!
    H3: MORE FROM GOOGLE!
    H3: Premium Hydration, Always on Tap
  H2: FILL THE FORM BELOW AND WE WILL CONTACT YOU ASAP!"
https://themomentumfitness.com/team-member/darryl-hart/,200,,False,"follow, index, max-snippet:-1, max-video-preview:-1, max-image-preview:large",Darryl Hart - Momentum Fitness,30,,0,1,Darryl Hart,https://themomentumfitness.com/team-member/darryl-hart/,False,9,8,0,,43,https://themomentumfitness.com/cdn-cgi/l/email-protection,15,True,4,0,0,https://themomentumfitness.com/wp-content/uploads/2026/05/Bri_Testimonial-1-1.mp4 | https://themomentumfitness.com/wp-content/uploads/2026/05/IMG_4769-1.mp4 | https://themomentumfitness.com/wp-content/uploads/2026/05/Terry-Testimonial-1-1.mp4 | https://themomentumfitness.com/wp-content/uploads/2026/05/copy_DB265C1A-615D-40AE-997D-779047BCD50B-1.mp4,"H1: Darryl Hart
    H3: WE'RE HERE FOR YOU
  H2: View Real Testomonials From Lives We've Helped Changed
    H3: DON'T SIMPLY TAKE IT FROM US!
    H3: MORE FROM GOOGLE!
    H3: Premium Hydration, Always on Tap
  H2: FILL THE FORM BELOW AND WE WILL CONTACT YOU ASAP!"
https://themomentumfitness.com/team-member/josie-weaver/,200,,False,"follow, index, max-snippet:-1, max-video-preview:-1, max-image-preview:large",Josie Weaver - Momentum Fitness,31,,0,1,Josie Weaver,https://themomentumfitness.com/team-member/josie-weaver/,False,9,8,0,,43,https://themomentumfitness.com/cdn-cgi/l/email-protection,15,True,4,0,0,https://themomentumfitness.com/wp-content/uploads/2026/05/Bri_Testimonial-1-1.mp4 | https://themomentumfitness.com/wp-content/uploads/2026/05/IMG_4769-1.mp4 | https://themomentumfitness.com/wp-content/uploads/2026/05/Terry-Testimonial-1-1.mp4 | https://themomentumfitness.com/wp-content/uploads/2026/05/copy_DB265C1A-615D-40AE-997D-779047BCD50B-1.mp4,"H1: Josie Weaver
    H3: WE'RE HERE FOR YOU
  H2: View Real Testomonials From Lives We've Helped Changed
    H3: DON'T SIMPLY TAKE IT FROM US!
    H3: MORE FROM GOOGLE!
    H3: Premium Hydration, Always on Tap
  H2: FILL THE FORM BELOW AND WE WILL CONTACT YOU ASAP!"
https://themomentumfitness.com/team-member/jake-salsbury/,200,,False,"follow, index, max-snippet:-1, max-video-preview:-1, max-image-preview:large",Jake Salsbury - Momentum Fitness,32,,0,1,Jake Salsbury,https://themomentumfitness.com/team-member/jake-salsbury/,False,9,8,0,,43,https://themomentumfitness.com/cdn-cgi/l/email-protection,15,True,4,0,0,https://themomentumfitness.com/wp-content/uploads/2026/05/Bri_Testimonial-1-1.mp4 | https://themomentumfitness.com/wp-content/uploads/2026/05/IMG_4769-1.mp4 | https://themomentumfitness.com/wp-content/uploads/2026/05/Terry-Testimonial-1-1.mp4 | https://themomentumfitness.com/wp-content/uploads/2026/05/copy_DB265C1A-615D-40AE-997D-779047BCD50B-1.mp4,"H1: Jake Salsbury
    H3: WE'RE HERE FOR YOU
  H2: View Real Testomonials From Lives We've Helped Changed
    H3: DON'T SIMPLY TAKE IT FROM US!
    H3: MORE FROM GOOGLE!
    H3: Premium Hydration, Always on Tap
  H2: FILL THE FORM BELOW AND WE WILL CONTACT YOU ASAP!"
https://themomentumfitness.com/team-member/kristen-salsbury/,200,,False,"follow, index, max-snippet:-1, max-video-preview:-1, max-image-preview:large",Kristen Salsbury - Momentum Fitness,35,,0,1,Kristen Salsbury,https://themomentumfitness.com/team-member/kristen-salsbury/,False,9,8,0,,43,https://themomentumfitness.com/cdn-cgi/l/email-protection,15,True,4,0,0,https://themomentumfitness.com/wp-content/uploads/2026/05/Bri_Testimonial-1-1.mp4 | https://themomentumfitness.com/wp-content/uploads/2026/05/IMG_4769-1.mp4 | https://themomentumfitness.com/wp-content/uploads/2026/05/Terry-Testimonial-1-1.mp4 | https://themomentumfitness.com/wp-content/uploads/2026/05/copy_DB265C1A-615D-40AE-997D-779047BCD50B-1.mp4,"H1: Kristen Salsbury
    H3: WE'RE HERE FOR YOU
  H2: View Real Testomonials From Lives We've Helped Changed
    H3: DON'T SIMPLY TAKE IT FROM US!
    H3: MORE FROM GOOGLE!
    H3: Premium Hydration, Always on Tap
  H2: FILL THE FORM BELOW AND WE WILL CONTACT YOU ASAP!"
https://themomentumfitness.com/team-member/jordan-walker/,200,,False,"follow, index, max-snippet:-1, max-video-preview:-1, max-image-preview:large",Jordan Walker - Momentum Fitness,32,,0,1,Jordan Walker,https://themomentumfitness.com/team-member/jordan-walker/,False,9,8,0,,43,https://themomentumfitness.com/cdn-cgi/l/email-protection,15,True,4,0,0,https://themomentumfitness.com/wp-content/uploads/2026/05/Bri_Testimonial-1-1.mp4 | https://themomentumfitness.com/wp-content/uploads/2026/05/IMG_4769-1.mp4 | https://themomentumfitness.com/wp-content/uploads/2026/05/Terry-Testimonial-1-1.mp4 | https://themomentumfitness.com/wp-content/uploads/2026/05/copy_DB265C1A-615D-40AE-997D-779047BCD50B-1.mp4,"H1: Jordan Walker
    H3: WE'RE HERE FOR YOU
  H2: View Real Testomonials From Lives We've Helped Changed
    H3: DON'T SIMPLY TAKE IT FROM US!
    H3: MORE FROM GOOGLE!
    H3: Premium Hydration, Always on Tap
  H2: FILL THE FORM BELOW AND WE WILL CONTACT YOU ASAP!"
https://themomentumfitness.com/team-member/hasbialahu-awoniyi/,200,,False,"follow, index, max-snippet:-1, max-video-preview:-1, max-image-preview:large",Hasbialahu Awoniyi - Momentum Fitness,37,,0,1,Hasbialahu Awoniyi,https://themomentumfitness.com/team-member/hasbialahu-awoniyi/,False,9,8,0,,43,https://themomentumfitness.com/cdn-cgi/l/email-protection,15,True,4,0,0,https://themomentumfitness.com/wp-content/uploads/2026/05/Bri_Testimonial-1-1.mp4 | https://themomentumfitness.com/wp-content/uploads/2026/05/IMG_4769-1.mp4 | https://themomentumfitness.com/wp-content/uploads/2026/05/Terry-Testimonial-1-1.mp4 | https://themomentumfitness.com/wp-content/uploads/2026/05/copy_DB265C1A-615D-40AE-997D-779047BCD50B-1.mp4,"H1: Hasbialahu Awoniyi
    H3: WE'RE HERE FOR YOU
  H2: View Real Testomonials From Lives We've Helped Changed
    H3: DON'T SIMPLY TAKE IT FROM US!
    H3: MORE FROM GOOGLE!
    H3: Premium Hydration, Always on Tap
  H2: FILL THE FORM BELOW AND WE WILL CONTACT YOU ASAP!"
https://themomentumfitness.com/team-member/darla-bergner/,200,,False,"follow, index, max-snippet:-1, max-video-preview:-1, max-image-preview:large",Darla Bergner - Momentum Fitness,32,,0,1,Darla Bergner,https://themomentumfitness.com/team-member/darla-bergner/,False,9,8,0,,43,https://themomentumfitness.com/cdn-cgi/l/email-protection,15,True,4,0,0,https://themomentumfitness.com/wp-content/uploads/2026/05/Bri_Testimonial-1-1.mp4 | https://themomentumfitness.com/wp-content/uploads/2026/05/IMG_4769-1.mp4 | https://themomentumfitness.com/wp-content/uploads/2026/05/Terry-Testimonial-1-1.mp4 | https://themomentumfitness.com/wp-content/uploads/2026/05/copy_DB265C1A-615D-40AE-997D-779047BCD50B-1.mp4,"H1: Darla Bergner
    H3: WE'RE HERE FOR YOU
  H2: View Real Testomonials From Lives We've Helped Changed
    H3: DON'T SIMPLY TAKE IT FROM US!
    H3: MORE FROM GOOGLE!
    H3: Premium Hydration, Always on Tap
  H2: FILL THE FORM BELOW AND WE WILL CONTACT YOU ASAP!"
https://themomentumfitness.com/team-member/chase-bergner/,200,,False,"follow, index, max-snippet:-1, max-video-preview:-1, max-image-preview:large",Chase Bergner - Momentum Fitness,32,,0,1,Chase Bergner,https://themomentumfitness.com/team-member/chase-bergner/,False,9,8,0,,43,https://themomentumfitness.com/cdn-cgi/l/email-protection,15,True,4,0,0,https://themomentumfitness.com/wp-content/uploads/2026/05/Bri_Testimonial-1-1.mp4 | https://themomentumfitness.com/wp-content/uploads/2026/05/IMG_4769-1.mp4 | https://themomentumfitness.com/wp-content/uploads/2026/05/Terry-Testimonial-1-1.mp4 | https://themomentumfitness.com/wp-content/uploads/2026/05/copy_DB265C1A-615D-40AE-997D-779047BCD50B-1.mp4,"H1: Chase Bergner
    H3: WE'RE HERE FOR YOU
  H2: View Real Testomonials From Lives We've Helped Changed
    H3: DON'T SIMPLY TAKE IT FROM US!
    H3: MORE FROM GOOGLE!
    H3: Premium Hydration, Always on Tap
  H2: FILL THE FORM BELOW AND WE WILL CONTACT YOU ASAP!"
https://themomentumfitness.com/category/uncategorized/,200,,False,"follow, index, max-snippet:-1, max-video-preview:-1, max-image-preview:large",Uncategorized - Momentum Fitness,32,,0,0,,https://themomentumfitness.com/category/uncategorized/,False,11,10,1,"CollectionPage, ExerciseGym, GeoCoordinates, ImageObject, Place, PostalAddress, WebSite",45,https://themomentumfitness.com/cdn-cgi/l/email-protection,90,True,4,0,0,https://themomentumfitness.com/wp-content/uploads/2026/05/Bri_Testimonial-1-1.mp4 | https://themomentumfitness.com/wp-content/uploads/2026/05/IMG_4769-1.mp4 | https://themomentumfitness.com/wp-content/uploads/2026/05/Terry-Testimonial-1-1.mp4 | https://themomentumfitness.com/wp-content/uploads/2026/05/copy_DB265C1A-615D-40AE-997D-779047BCD50B-1.mp4,"  H2: OUR BLOG
    H3: Why Momentum Fitness Outshines Big-Box Gyms in Arlington TX
    H3: Your Ultimate Guide to Finding the Perfect Gym Near You
    H3: WE'RE HERE FOR YOU
  H2: View Real Testomonials From Lives We've Helped Changed
    H3: DON'T SIMPLY TAKE IT FROM US!
    H3: MORE FROM GOOGLE!
    H3: Premium Hydration, Always on Tap
  H2: FILL THE FORM BELOW AND WE WILL CONTACT YOU ASAP!"
https://themomentumfitness.com/author/themomentumfitness/,200,,False,"follow, index, max-snippet:-1, max-video-preview:-1, max-image-preview:large",themomentumfitness - Momentum Fitness,37,,0,0,,https://themomentumfitness.com/author/themomentumfitness/,False,11,10,1,"ExerciseGym, GeoCoordinates, ImageObject, Person, Place, PostalAddress, ProfilePage, WebSite",45,https://themomentumfitness.com/cdn-cgi/l/email-protection,90,True,4,0,0,https://themomentumfitness.com/wp-content/uploads/2026/05/Bri_Testimonial-1-1.mp4 | https://themomentumfitness.com/wp-content/uploads/2026/05/IMG_4769-1.mp4 | https://themomentumfitness.com/wp-content/uploads/2026/05/Terry-Testimonial-1-1.mp4 | https://themomentumfitness.com/wp-content/uploads/2026/05/copy_DB265C1A-615D-40AE-997D-779047BCD50B-1.mp4,"  H2: OUR BLOG
    H3: Why Momentum Fitness Outshines Big-Box Gyms in Arlington TX
    H3: Your Ultimate Guide to Finding the Perfect Gym Near You
    H3: WE'RE HERE FOR YOU
  H2: View Real Testomonials From Lives We've Helped Changed
    H3: DON'T SIMPLY TAKE IT FROM US!
    H3: MORE FROM GOOGLE!
    H3: Premium Hydration, Always on Tap
  H2: FILL THE FORM BELOW AND WE WILL CONTACT YOU ASAP!"
https://themomentumfitness.com/author/hellolevitatedigitalmedia-com/,200,,False,"follow, index, max-snippet:-1, max-video-preview:-1, max-image-preview:large",hello@levitatedigitalmedia.com - Momentum Fitness,49,,0,0,,https://themomentumfitness.com/author/hellolevitatedigitalmedia-com/,False,9,8,0,"ExerciseGym, GeoCoordinates, ImageObject, Person, Place, PostalAddress, ProfilePage, WebSite",43,https://themomentumfitness.com/cdn-cgi/l/email-protection,24,True,4,0,0,https://themomentumfitness.com/wp-content/uploads/2026/05/Bri_Testimonial-1-1.mp4 | https://themomentumfitness.com/wp-content/uploads/2026/05/IMG_4769-1.mp4 | https://themomentumfitness.com/wp-content/uploads/2026/05/Terry-Testimonial-1-1.mp4 | https://themomentumfitness.com/wp-content/uploads/2026/05/copy_DB265C1A-615D-40AE-997D-779047BCD50B-1.mp4,"  H2: OUR BLOG
    H3: WE'RE HERE FOR YOU
  H2: View Real Testomonials From Lives We've Helped Changed
    H3: DON'T SIMPLY TAKE IT FROM US!
    H3: MORE FROM GOOGLE!
    H3: Premium Hydration, Always on Tap
  H2: FILL THE FORM BELOW AND WE WILL CONTACT YOU ASAP!"
